ASIN,Product Name,Category / Cluster,Image URL,Amazon Affiliate URL
"B00004S9CX","Cuisinart DCG-20N","Coffee Grinders","https://m.media-amazon.com/images/I/41zp34ktG1L._AC_SL1500.jpg","https://www.amazon.com/dp/B00004S9CX?tag=visitbest07-20"
"B00004SPEU","KRUPS Precision 3 oz","Coffee Grinders","https://m.media-amazon.com/images/I/61z4ihlNwcL._AC_SL1500.jpg","https://www.amazon.com/dp/B00004SPEU?tag=visitbest07-20"
"B0000AXEZV","Fahrenheat FUH54","Space Heaters","https://m.media-amazon.com/images/I/812xq7giYIL._AC_SL1500.jpg","https://www.amazon.com/dp/B0000AXEZV?tag=visitbest07-20"
"B0002WRHE8","Mr. Heater Big Buddy","Space Heaters","https://m.media-amazon.com/images/I/41pJdSpUvoL._AC_SL1500.jpg","https://www.amazon.com/dp/B0002WRHE8?tag=visitbest07-20"
"B002QZ11J6","Dr Infrared Heater DR-968","Space Heaters","https://m.media-amazon.com/images/I/51iCKT3c3oL._AC_SL1500.jpg","https://www.amazon.com/dp/B002QZ11J6?tag=visitbest07-20"
"B003WIZ5PC","KitchenAid BCG111OB","Coffee Grinders","https://m.media-amazon.com/images/I/71agOb9tBXL._AC_SL1500.jpg","https://www.amazon.com/dp/B003WIZ5PC?tag=visitbest07-20"
"B003XDTWN2","Dr. Infrared DR-988","Space Heaters","https://m.media-amazon.com/images/I/81tjmCP7hRL._AC_SL1500.jpg","https://www.amazon.com/dp/B003XDTWN2?tag=visitbest07-20"
"B004TGLB8S","Hamilton Beach Personal Blender","Blenders","https://m.media-amazon.com/images/I/71LfIHdXwOL._AC_SL1500.jpg","https://www.amazon.com/dp/B004TGLB8S?tag=visitbest07-20"
"B004VVJANC","Comfort Zone CZ798","Space Heaters","https://m.media-amazon.com/images/I/71GlE3DkZlL._AC_SL1500.jpg","https://www.amazon.com/dp/B004VVJANC?tag=visitbest07-20"
"B005EPRFKO","Hamilton Beach Fresh Grind","Coffee Grinders","https://m.media-amazon.com/images/I/61CQxOhCChL._AC_SL1500.jpg","https://www.amazon.com/dp/B005EPRFKO?tag=visitbest07-20"
"B007UXTLFK","Hamilton Beach Power Elite 58149G","Food Processors","https://m.media-amazon.com/images/I/71bPqZ+n0pL._AC_SL1500_.jpg","https://www.amazon.com/dp/B007UXTLFK?tag=visitbest07-20"
"B008H4SLVX","Cuisinart SmartPower Classic Blender","Blenders","https://m.media-amazon.com/images/I/71LfIHdXwOL._AC_SL1500.jpg","https://www.amazon.com/dp/B008H4SLVX?tag=visitbest07-20"
"B00939FV8K","Ninja Professional Compact Blender BL660","Food Processors","https://m.media-amazon.com/images/I/81s6EpUFjvL._AC_SL1500_.jpg","https://www.amazon.com/dp/B00939FV8K?tag=visitbest07-20"
"B00939I7EK","Ninja Mega Kitchen System BL770","Food Processors","https://m.media-amazon.com/images/I/81ME5sqz5TL._AC_SL1500_.jpg","https://www.amazon.com/dp/B00939I7EK?tag=visitbest07-20"
"B00FFSO0FE","Oster Reverse Crush Counterforms Blender","Blenders","https://m.media-amazon.com/images/I/71LfIHdXwOL._AC_SL1500.jpg","https://www.amazon.com/dp/B00FFSO0FE?tag=visitbest07-20"
"B00L5XN6P4","King ECO2S (KB2410)","Space Heaters","https://m.media-amazon.com/images/I/81-pkyWhPhL._AC_SL1500.jpg","https://www.amazon.com/dp/B00L5XN6P4?tag=visitbest07-20"
"B00M76N6TS","Hamilton Beach Wave Crusher Blender","Blenders","https://m.media-amazon.com/images/I/71LfIHdXwOL._AC_SL1500.jpg","https://www.amazon.com/dp/B00M76N6TS?tag=visitbest07-20"
"B00MVWGLJO","Cuisinart Velocity Ultra Trio BFP-650P1","Food Processors","https://m.media-amazon.com/images/I/81BWEE7IVbL._AC_SL1500_.jpg","https://www.amazon.com/dp/B00MVWGLJO?tag=visitbest07-20"
"B00NGV4506","Ninja Professional Blender BL610","Blenders","https://m.media-amazon.com/images/I/61DvtaqAWML._AC_SL1500.jpg","https://www.amazon.com/dp/B00NGV4506?tag=visitbest07-20"
"B01EEK8MOW","Cuisinart Smart Power Duet BFP-703BCP1","Food Processors","https://m.media-amazon.com/images/I/61vQikVGieL._AC_SL1500_.jpg","https://www.amazon.com/dp/B01EEK8MOW?tag=visitbest07-20"
"B01FHOWYA2","Ninja Fit Compact Personal Blender","Blenders","https://m.media-amazon.com/images/I/61TtCrnGgRL._AC_SL1500.jpg","https://www.amazon.com/dp/B01FHOWYA2?tag=visitbest07-20"
"B01H08Y7S2","Oster Professional Smoothie Blender","Blenders","https://m.media-amazon.com/images/I/71LfIHdXwOL._AC_SL1500.jpg","https://www.amazon.com/dp/B01H08Y7S2?tag=visitbest07-20"
"B01K0W8LTE","Cuisinart AirFryer Toaster Oven (TOA-60)","Toaster Ovens","https://m.media-amazon.com/images/I/61hCSaFNXjL._AC_SL1500.jpg","https://www.amazon.com/dp/B01K0W8LTE?tag=visitbest07-20"
"B01N1NTBJ8","NutriBullet Pro+ Personal Blender","Blenders","https://m.media-amazon.com/images/I/61TtCrnGgRL._AC_SL1500.jpg","https://www.amazon.com/dp/B01N1NTBJ8?tag=visitbest07-20"
"B01N5UPTZS","Breville Smart Oven Air Fryer Pro (BOV900BSS)","Toaster Ovens","https://m.media-amazon.com/images/I/61WFOVr1aqL._AC_SL1500.jpg","https://www.amazon.com/dp/B01N5UPTZS?tag=visitbest07-20"
"B01NAQO4F1","Lasko CD08200 Ceramic Bathroom Heater","Space Heaters","https://m.media-amazon.com/images/I/91k0U7afkVL._AC_SL1500.jpg","https://www.amazon.com/dp/B01NAQO4F1?tag=visitbest07-20"
"B071CH3TLT","Hamilton Beach Blender & Food Processor Combo 58163","Food Processors","https://m.media-amazon.com/images/I/81QF0Zasx3L._AC_SL1500_.jpg","https://www.amazon.com/dp/B071CH3TLT?tag=visitbest07-20"
"B0775PZDXM","Dr Infrared Heater DR-998","Space Heaters","https://m.media-amazon.com/images/I/81tjmCP7hRL._AC_SL1500.jpg","https://www.amazon.com/dp/B0775PZDXM?tag=visitbest07-20"
"B077JM5PB9","Dr Infrared Heater DR-238","Space Heaters","https://m.media-amazon.com/images/I/51iCKT3c3oL._AC_SL1500.jpg","https://www.amazon.com/dp/B077JM5PB9?tag=visitbest07-20"
"B07CB6RBSP","BISSELL Pet Hair Eraser 2390A","Handheld Vacuums","https://m.media-amazon.com/images/I/61a8E6BPJxL._AC_SL1500.jpg","https://www.amazon.com/dp/B07CB6RBSP?tag=visitbest07-20"
"B07FDJMC9Q","COSORI Air Fryer Max XL (legacy)","Air Fryers","https://m.media-amazon.com/images/I/71+t6AT-5VL._AC_SL1500.jpg","https://www.amazon.com/dp/B07FDJMC9Q?tag=visitbest07-20"
"B07FZ8S74R","Magic Bullet Mini Blender","Blenders","https://m.media-amazon.com/images/I/61MZfowYoaL._AC_SL1500.jpg","https://www.amazon.com/dp/B07FZ8S74R?tag=visitbest07-20"
"B07GZVZJ27","Oster Blender with Food Processor Attachment","Blenders","https://m.media-amazon.com/images/I/71LfIHdXwOL._AC_SL1500.jpg","https://www.amazon.com/dp/B07GZVZJ27?tag=visitbest07-20"
"B07GZW9WXH","Oster Pro 1200 Blender","Blenders","https://m.media-amazon.com/images/I/71LfIHdXwOL._AC_SL1500.jpg","https://www.amazon.com/dp/B07GZW9WXH?tag=visitbest07-20"
"B07JW4C7BJ","Amazon Basics 1500W Portable Heater","Space Heaters","https://m.media-amazon.com/images/I/81QbaEAoVHL._AC_SL1500.jpg","https://www.amazon.com/dp/B07JW4C7BJ?tag=visitbest07-20"
"B07JXRWJ8D","Heat Storm HS-1500-PHX","Space Heaters","https://m.media-amazon.com/images/I/61flaX-njCL._AC_SL1500.jpg","https://www.amazon.com/dp/B07JXRWJ8D?tag=visitbest07-20"
"B07KG2X2GZ","BLACK+DECKER QuickClean HNVC215B10","Handheld Vacuums","https://m.media-amazon.com/images/I/51O-5anSyWL._AC_SL1500.jpg","https://www.amazon.com/dp/B07KG2X2GZ?tag=visitbest07-20"
"B07SCGY2H6","Ninja Foodi Digital Air Fry Oven (SP101)","Toaster Ovens","https://images-na.ssl-images-amazon.com/images/P/B07SCGY2H6.01._SL1500.jpg","https://www.amazon.com/dp/B07SCGY2H6?tag=visitbest07-20"
"B07T17TDLR","BLACK+DECKER AdvancedClean+ HHVK515J00FF","Handheld Vacuums","https://m.media-amazon.com/images/I/61iy357QKoL._AC_SL1500.jpg","https://www.amazon.com/dp/B07T17TDLR?tag=visitbest07-20"
"B07VG5Z5ZQ","Essential Compact Air Fryer","Air Fryers","https://m.media-amazon.com/images/I/71+t6AT-5VL._AC_SL1500.jpg","https://www.amazon.com/dp/B07VG5Z5ZQ?tag=visitbest07-20"
"B07VHFMZHJ","Instant Vortex Plus 6-Qt Air Fryer","Air Fryers","https://m.media-amazon.com/images/I/71GPWtT61gL._AC_SL1500.jpg","https://www.amazon.com/dp/B07VHFMZHJ?tag=visitbest07-20"
"B07VVK39F7","LEVOIT Core 300-P","Air Purifiers","https://m.media-amazon.com/images/I/71t-9BTIg9L._AC_SL1500.jpg","https://www.amazon.com/dp/B07VVK39F7?tag=visitbest07-20"
"B07WYHQBF2","KRUPS Silent Vortex","Coffee Grinders","https://m.media-amazon.com/images/I/61R78sygoML._AC_SL1500.jpg","https://www.amazon.com/dp/B07WYHQBF2?tag=visitbest07-20"
"B07YHL6ZBW","Ninja Nutri Personal Blender Duo","Blenders","https://m.media-amazon.com/images/I/81T-xzexEAL._AC_SL1500.jpg","https://www.amazon.com/dp/B07YHL6ZBW?tag=visitbest07-20"
"B07Z8G97PY","BLACK+DECKER One-Touch","Coffee Grinders","https://m.media-amazon.com/images/I/719RWIc4TzL._AC_SL1500.jpg","https://www.amazon.com/dp/B07Z8G97PY?tag=visitbest07-20"
"B08559H8W2","Shark UltraCyclone Pet Pro Plus CH951","Handheld Vacuums","https://m.media-amazon.com/images/I/71RZ0xA0fmL._AC_SL1500.jpg","https://www.amazon.com/dp/B08559H8W2?tag=visitbest07-20"
"B08559K7CN","Ninja Professional Plus Kitchen System BN801","Food Processors","https://m.media-amazon.com/images/I/81sjJMsIhOL._AC_SL1500_.jpg","https://www.amazon.com/dp/B08559K7CN?tag=visitbest07-20"
"B0855B5Z6F","Ninja Professional Plus Blender BN701","Blenders","https://m.media-amazon.com/images/I/71RbmccXCUL._AC_SL1500.jpg","https://www.amazon.com/dp/B0855B5Z6F?tag=visitbest07-20"
"B08759QVN8","Hamilton Beach Sure-Crisp Air Fryer Toaster Oven (31413)","Toaster Ovens","https://m.media-amazon.com/images/I/91Jfp1xgKjL._AC_SL1500.jpg","https://www.amazon.com/dp/B08759QVN8?tag=visitbest07-20"
"B0895GS9NW","COSORI 13-in-1 Air Fryer Toaster Oven Combo 32QT (CS130-AO)","Toaster Ovens","https://images-na.ssl-images-amazon.com/images/P/B0895GS9NW.01._SL1500.jpg","https://www.amazon.com/dp/B0895GS9NW?tag=visitbest07-20"
"B089TQWJKK","Ninja Foodi DZ201 DualZone 8-Qt","Air Fryers","https://m.media-amazon.com/images/I/61xMRA3NY4L._AC_SL1500.jpg","https://www.amazon.com/dp/B089TQWJKK?tag=visitbest07-20"
"B08BXX69K4","Ninja Foodi 10-in-1 XL Pro Air Fry Oven (DT201)","Toaster Ovens","https://m.media-amazon.com/images/I/81Mhmz7WZmL._AC_SL1500.jpg","https://www.amazon.com/dp/B08BXX69K4?tag=visitbest07-20"
"B08C41Q414","Ninja Foodi Power Blender & Food Processor SS351","Food Processors","https://m.media-amazon.com/images/I/71WKg0y8ijL._AC_SL1500_.jpg","https://www.amazon.com/dp/B08C41Q414?tag=visitbest07-20"
"B08DKYBTPH","Chefman TurboFry 8-Qt Air Fryer","Air Fryers","https://m.media-amazon.com/images/I/71VzGtbzyFL._AC_SL1500.jpg","https://www.amazon.com/dp/B08DKYBTPH?tag=visitbest07-20"
"B08KPJ76RR","Blueair Blue Pure 511i Max","Air Purifiers","https://m.media-amazon.com/images/I/71ot432jYAL._AC_SL1500.jpg","https://www.amazon.com/dp/B08KPJ76RR?tag=visitbest07-20"
"B08MJ5K5L8","Ninja Personal Blender with Cups","Blenders","https://m.media-amazon.com/images/I/81T-xzexEAL._AC_SL1500.jpg","https://www.amazon.com/dp/B08MJ5K5L8?tag=visitbest07-20"
"B08PPGLK8Z","Wancle One-Touch","Coffee Grinders","https://m.media-amazon.com/images/I/61KJQD05kLL._AC_SL1500.jpg","https://www.amazon.com/dp/B08PPGLK8Z?tag=visitbest07-20"
"B08QJSDBY4","Ninja Compact Kitchen System AMZ493BRN","Food Processors","https://m.media-amazon.com/images/I/81b8Dr-WCdL._AC_SL1500_.jpg","https://www.amazon.com/dp/B08QJSDBY4?tag=visitbest07-20"
"B08R794ZMX","LEVOIT Core 400S-P","Air Purifiers","https://m.media-amazon.com/images/I/71twSqT5ZYL._AC_SL1500.jpg","https://www.amazon.com/dp/B08R794ZMX?tag=visitbest07-20"
"B08TR59W7Q","Compact Budget Air Fryer","Air Fryers","https://m.media-amazon.com/images/I/71VzGtbzyFL._AC_SL1500.jpg","https://www.amazon.com/dp/B08TR59W7Q?tag=visitbest07-20"
"B08XYS6D24","BELLA Pro Series 8-Qt Air Fryer","Air Fryers","https://m.media-amazon.com/images/I/71VzGtbzyFL._AC_SL1500.jpg","https://www.amazon.com/dp/B08XYS6D24?tag=visitbest07-20"
"B096MZHB7K","Instant Vortex Plus XL 8-Qt ClearCook Dual Basket Air Fryer","Air Fryers","https://images-na.ssl-images-amazon.com/images/P/B096MZHB7K.01._SL1500.jpg","https://www.amazon.com/dp/B096MZHB7K?tag=visitbest07-20"
"B096N3FTZP","Instant Vortex Plus 6QT ClearCook","Air Fryers","https://m.media-amazon.com/images/I/71QM4TEKo8L._AC_SL1500.jpg","https://www.amazon.com/dp/B096N3FTZP?tag=visitbest07-20"
"B096X9LGJ1","Ninja Foodi DZ401 10-Qt DualZone XL 2-Basket Air Fryer","Air Fryers","https://m.media-amazon.com/images/I/61A3ePViuoL._AC_SL1500.jpg","https://www.amazon.com/dp/B096X9LGJ1?tag=visitbest07-20"
"B098RCQVRB","Ninja Foodi Power Blender & Processor System SS401","Food Processors","https://m.media-amazon.com/images/I/71Jg6VdIoPL._AC_SL1500_.jpg","https://www.amazon.com/dp/B098RCQVRB?tag=visitbest07-20"
"B098RDGJNQ","Ninja Mega Kitchen System BL770AMZ","Food Processors","https://m.media-amazon.com/images/I/81ihuPP1L8L._AC_SL1500_.jpg","https://www.amazon.com/dp/B098RDGJNQ?tag=visitbest07-20"
"B098RK8BL7","Ninja Foodi Smoothie Bowl Maker & Blender","Blenders","https://m.media-amazon.com/images/I/81T-xzexEAL._AC_SL1500.jpg","https://www.amazon.com/dp/B098RK8BL7?tag=visitbest07-20"
"B0998FWTHP","PuroAir 240","Air Purifiers","https://m.media-amazon.com/images/I/61ewmZEiDnL._AC_SL1500.jpg","https://www.amazon.com/dp/B0998FWTHP?tag=visitbest07-20"
"B09C2FPQXQ","Proctor Silex Sound Shield","Coffee Grinders","https://m.media-amazon.com/images/I/61c+AV5s9gL._AC_SL1500.jpg","https://www.amazon.com/dp/B09C2FPQXQ?tag=visitbest07-20"
"B09DZ39TY5","Oster Blender & Food Processor Combo","Food Processors","https://m.media-amazon.com/images/I/71mpAqC970L._AC_SL1500_.jpg","https://www.amazon.com/dp/B09DZ39TY5?tag=visitbest07-20"
"B09H8CWFNK","Shark AI Ultra (AV2501S)","Robot Vacuums","https://m.media-amazon.com/images/I/71CpXAMzcvL._AC_SL1500.jpg","https://www.amazon.com/dp/B09H8CWFNK?tag=visitbest07-20"
"B09MW1R6Y6","Ultrean Air Fryer 4.2-Qt","Air Fryers","https://m.media-amazon.com/images/I/71+t6AT-5VL._AC_SL1500.jpg","https://www.amazon.com/dp/B09MW1R6Y6?tag=visitbest07-20"
"B09N43K4B4","Ninja Foodi Dual-Zone Alternative","Air Fryers","https://m.media-amazon.com/images/I/61A3ePViuoL._AC_SL1500.jpg","https://www.amazon.com/dp/B09N43K4B4?tag=visitbest07-20"
"B09Y7B3J1N","Small Kitchen Compact Air Fryer","Air Fryers","https://m.media-amazon.com/images/I/719F0KSYZqL._AC_SL1500.jpg","https://www.amazon.com/dp/B09Y7B3J1N?tag=visitbest07-20"
"B09YXJMH87","DREO Bathroom Space Heater (B09YXJMH87)","Space Heaters","https://m.media-amazon.com/images/I/815C2NcINvL._AC_SL1500.jpg","https://www.amazon.com/dp/B09YXJMH87?tag=visitbest07-20"
"B0B15Q3HCQ","Ninja Foodi DZ550 10-Qt DualZone Smart XL Air Fryer","Air Fryers","https://m.media-amazon.com/images/I/61FrvAw250L._AC_SL1500.jpg","https://www.amazon.com/dp/B0B15Q3HCQ?tag=visitbest07-20"
"B0B1M7WRQ4","Ninja Air Fryer Pro 4-in-1 (AF161)","Air Fryers","https://m.media-amazon.com/images/I/71UIRKGLtYL._AC_SL1500.jpg","https://www.amazon.com/dp/B0B1M7WRQ4?tag=visitbest07-20"
"B0B6PLG6G2","8-Inch Square Air Fryer Liners (125)","Accessories","https://m.media-amazon.com/images/I/710lcyAkSSL._AC_SL1500.jpg","https://www.amazon.com/dp/B0B6PLG6G2?tag=visitbest07-20"
"B0B7KQ8M1N","Budget Crispy Snack Air Fryer","Air Fryers","https://m.media-amazon.com/images/I/71VzGtbzyFL._AC_SL1500.jpg","https://www.amazon.com/dp/B0B7KQ8M1N?tag=visitbest07-20"
"B0B7QVJK8Y","NutriBullet Combo Blender","Blenders","https://m.media-amazon.com/images/I/61TtCrnGgRL._AC_SL1500.jpg","https://www.amazon.com/dp/B0B7QVJK8Y?tag=visitbest07-20"
"B0BD4BYR11","COSORI Pro Gen 2 5.8QT","Air Fryers","https://m.media-amazon.com/images/I/81xlEWE3e+L._AC_SL1500.jpg","https://www.amazon.com/dp/B0BD4BYR11?tag=visitbest07-20"
"B0BKR66QGC","Reynolds Kitchens Air Fryer Liners (50)","Accessories","https://m.media-amazon.com/images/I/71AbD2FmLaL._AC_SL1500.jpg","https://www.amazon.com/dp/B0BKR66QGC?tag=visitbest07-20"
"B0BN2MGV5H","Blueair Blue Pure 211i Max","Air Purifiers","https://m.media-amazon.com/images/I/712FK2wvqRL._AC_SL1500.jpg","https://www.amazon.com/dp/B0BN2MGV5H?tag=visitbest07-20"
"B0BSCY5V3K","Starter Air Fryer Under $50 Class","Air Fryers","https://m.media-amazon.com/images/I/71jSDZe54mL._AC_SL1500.jpg","https://www.amazon.com/dp/B0BSCY5V3K?tag=visitbest07-20"
"B0BWSLYK5H","Vitamix Propel Series 510 Blender","Food Processors","https://m.media-amazon.com/images/I/71yqZM6BZ8L._AC_SL1500_.jpg","https://www.amazon.com/dp/B0BWSLYK5H?tag=visitbest07-20"
"B0BXQ8V8QQ","Dual Basket Air Fryer Value Pick","Air Fryers","https://m.media-amazon.com/images/I/61FrvAw250L._AC_SL1500.jpg","https://www.amazon.com/dp/B0BXQ8V8QQ?tag=visitbest07-20"
"B0C33CHG99","COSORI TurboBlaze 6-Qt Air Fryer","Air Fryers","https://images-na.ssl-images-amazon.com/images/P/B0C33CHG99.01._SL1500.jpg","https://www.amazon.com/dp/B0C33CHG99?tag=visitbest07-20"
"B0C5JHKGFP","Dreo ChefMaker Combi Fryer","Air Fryers","https://m.media-amazon.com/images/I/71T3daFqM0L._AC_SL1500.jpg","https://www.amazon.com/dp/B0C5JHKGFP?tag=visitbest07-20"
"B0C5XKQZ2P","Value Family Air Fryer","Air Fryers","https://m.media-amazon.com/images/I/81Mhmz7WZmL._AC_SL1500.jpg","https://www.amazon.com/dp/B0C5XKQZ2P?tag=visitbest07-20"
"B0C6Y8NYK1","Disposable Air Fryer Paper Liners (125)","Accessories","https://m.media-amazon.com/images/I/81uYPVAVU3L._AC_SL1500.jpg","https://www.amazon.com/dp/B0C6Y8NYK1?tag=visitbest07-20"
"B0C8PGGFV8","Vitamix Propel Series 510 Red","Food Processors","https://m.media-amazon.com/images/I/71OqbzsTLGL._AC_SL1500_.jpg","https://www.amazon.com/dp/B0C8PGGFV8?tag=visitbest07-20"
"B0CBBR4TLX","Dreo Smart Wall Heater WH719S","Space Heaters","https://m.media-amazon.com/images/I/71CsSQNfLOL._AC_SL1500.jpg","https://www.amazon.com/dp/B0CBBR4TLX?tag=visitbest07-20"
"B0CBSV2TNM","Shark WANDVAC WV201BK","Handheld Vacuums","https://m.media-amazon.com/images/I/71nUwIp+f2L._AC_SL1500.jpg","https://www.amazon.com/dp/B0CBSV2TNM?tag=visitbest07-20"
"B0CDDFH2MZ","Ninja Kitchen System TB401","Food Processors","https://m.media-amazon.com/images/I/71EeP5yuaEL._AC_SL1500_.jpg","https://www.amazon.com/dp/B0CDDFH2MZ?tag=visitbest07-20"
"B0CDY277D3","Chefman 6QT Dual Basket Air Fryer","Air Fryers","https://images-na.ssl-images-amazon.com/images/P/B0CDY277D3.01._SL1500.jpg","https://www.amazon.com/dp/B0CDY277D3?tag=visitbest07-20"
"B0CJMV9RZK","Nuwave Bravo XL Pro","Toaster Ovens","https://images-na.ssl-images-amazon.com/images/P/B0CJMV9RZK.01._SL1500.jpg","https://www.amazon.com/dp/B0CJMV9RZK?tag=visitbest07-20"
"B0CKP6Y6KB","Typhur Dome 2 AI Smart Air Fryer","Air Fryers","https://m.media-amazon.com/images/I/6154mct-b7L._AC_SL1500.jpg","https://www.amazon.com/dp/B0CKP6Y6KB?tag=visitbest07-20"
"B0CKTY2QT4","Ninja Kitchen System All-in-One BR601AMZ","Food Processors","https://m.media-amazon.com/images/I/71oVNalXFML._AC_SL1500_.jpg","https://www.amazon.com/dp/B0CKTY2QT4?tag=visitbest07-20"
"B0CKTYP1JT","Ninja Professional Blender (updated colorway)","Blenders","https://m.media-amazon.com/images/I/61rZJywpS-L._AC_SL1500.jpg","https://www.amazon.com/dp/B0CKTYP1JT?tag=visitbest07-20"
"B0CLTK2JF8","Our Place Wonder Oven","Toaster Ovens","https://m.media-amazon.com/images/I/81-pkyWhPhL._AC_SL1500.jpg","https://www.amazon.com/dp/B0CLTK2JF8?tag=visitbest07-20"
"B0CPFBBHP4","eufy X10 Pro Omni","Robot Vacuums","https://m.media-amazon.com/images/I/61NdxkWqIOL._AC_SL1500.jpg","https://www.amazon.com/dp/B0CPFBBHP4?tag=visitbest07-20"
"B0CQJ8QZ7Y","Ninja DoubleStack XL Air Fryer","Air Fryers","https://m.media-amazon.com/images/I/61rjcZZpkVL._AC_SL1500.jpg","https://www.amazon.com/dp/B0CQJ8QZ7Y?tag=visitbest07-20"
"B0CS3V8M9H","Ninja Air Fryer Pro XL (AF181)","Air Fryers","https://m.media-amazon.com/images/I/719F0KSYZqL._AC_SL1500.jpg","https://www.amazon.com/dp/B0CS3V8M9H?tag=visitbest07-20"
"B0CSZ7WBYW","Ninja Air Fryer Pro 5-Qt (AF141)","Air Fryers","https://m.media-amazon.com/images/I/71jfzcXideL._AC_SL1500.jpg","https://www.amazon.com/dp/B0CSZ7WBYW?tag=visitbest07-20"
"B0CV4LDK6P","Ninja Crispi Portable Air Fryer","Air Fryers","https://m.media-amazon.com/images/I/719F0KSYZqL._AC_SL1500.jpg","https://www.amazon.com/dp/B0CV4LDK6P?tag=visitbest07-20"
"B0CZS6SS3Y","Ninja DoubleStack XL SL401 10-Qt Air Fryer","Air Fryers","https://m.media-amazon.com/images/I/61lLbrNYWmL._AC_SL1500.jpg","https://www.amazon.com/dp/B0CZS6SS3Y?tag=visitbest07-20"
"B0D7HG8H24","Narwal Freo Z Ultra","Robot Vacuums","https://m.media-amazon.com/images/I/714Q2sNv2-L._AC_SL1500.jpg","https://www.amazon.com/dp/B0D7HG8H24?tag=visitbest07-20"
"B0D9VT8NGL","ECOVACS DEEBOT N20 Pro Plus","Robot Vacuums","https://m.media-amazon.com/images/I/71GVQBS98SL._AC_SL1500.jpg","https://www.amazon.com/dp/B0D9VT8NGL?tag=visitbest07-20"
"B0D9ZRH61T","iRobot Roomba Combo 10 Max","Robot Vacuums","https://m.media-amazon.com/images/I/71+y6cbZJfL._AC_SL1500.jpg","https://www.amazon.com/dp/B0D9ZRH61T?tag=visitbest07-20"
"B0DHCJ571Z","Roborock Saros 10R","Robot Vacuums","https://m.media-amazon.com/images/I/619xjRMbkSL._AC_SL1500.jpg","https://www.amazon.com/dp/B0DHCJ571Z?tag=visitbest07-20"
"B0DNDVRRXV","Roborock Qrevo Curv S5X","Robot Vacuums","https://m.media-amazon.com/images/I/51lIyetCjEL._AC_SL1500.jpg","https://www.amazon.com/dp/B0DNDVRRXV?tag=visitbest07-20"
"B0DNJBSMW6","OutIn Fino Portable","Coffee Grinders","https://m.media-amazon.com/images/I/71MYMcWy0XL._AC_SL1500.jpg","https://www.amazon.com/dp/B0DNJBSMW6?tag=visitbest07-20"
"B0DQ9QDTTS","OXO Brew Compact Conical Burr","Coffee Grinders","https://m.media-amazon.com/images/I/71FAt0iVR0L._AC_SL1500.jpg","https://www.amazon.com/dp/B0DQ9QDTTS?tag=visitbest07-20"
"B0DR7W6CZM","eufy C10 Auto-Empty","Robot Vacuums","https://m.media-amazon.com/images/I/61WfEDNqdFL._AC_SL1500.jpg","https://www.amazon.com/dp/B0DR7W6CZM?tag=visitbest07-20"
"B0DR8NJMCJ","Ecovacs Deebot X8 Pro Omni","Robot Vacuums","https://m.media-amazon.com/images/I/61QoZUT0N2L._AC_SL1500.jpg","https://www.amazon.com/dp/B0DR8NJMCJ?tag=visitbest07-20"
"B0DT4F8T4L","WINIX 5520","Air Purifiers","https://m.media-amazon.com/images/I/71mcoIQSUrL._AC_SL1500.jpg","https://www.amazon.com/dp/B0DT4F8T4L?tag=visitbest07-20"
"B0DWX69JVG","Roborock Q7 M5+","Robot Vacuums","https://m.media-amazon.com/images/I/61EOq1YWmnL._AC_SL1500.jpg","https://www.amazon.com/dp/B0DWX69JVG?tag=visitbest07-20"
"B0DWXBCQVP","Roborock Q10 S5+","Robot Vacuums","https://m.media-amazon.com/images/I/61KBMtvTenL._AC_SL1500.jpg","https://www.amazon.com/dp/B0DWXBCQVP?tag=visitbest07-20"
"B0DY8F5VD1","Vitamix Ascent X2 SmartPrep","Food Processors","https://m.media-amazon.com/images/I/81pbL+6haML._AC_SL1500_.jpg","https://www.amazon.com/dp/B0DY8F5VD1?tag=visitbest07-20"
"B0DY8QMJYR","Vitamix Ascent X4 Gourmet SmartPrep","Food Processors","https://m.media-amazon.com/images/I/81PeN0lff+L._AC_SL1500_.jpg","https://www.amazon.com/dp/B0DY8QMJYR?tag=visitbest07-20"
"B0F2JN4BFQ","Nuwave Bravo Pro 21QT","Toaster Ovens","https://images-na.ssl-images-amazon.com/images/P/B0F2JN4BFQ.01._SL1500.jpg","https://www.amazon.com/dp/B0F2JN4BFQ?tag=visitbest07-20"
"B0F3BXY5M1","Dreame D20 Pro Plus","Robot Vacuums","https://m.media-amazon.com/images/I/61-nVRDKkJL._AC_SL1500.jpg","https://www.amazon.com/dp/B0F3BXY5M1?tag=visitbest07-20"
"B0FJSN4D58","Vitamix Ascent X5 Blender","Food Processors","https://m.media-amazon.com/images/I/71uVybyCo+L._AC_SL1500_.jpg","https://www.amazon.com/dp/B0FJSN4D58?tag=visitbest07-20"
"B0FM5KF34G","Ninja French Door Premier FO101","Toaster Ovens","https://images-na.ssl-images-amazon.com/images/P/B0FM5KF34G.01._SL1500.jpg","https://www.amazon.com/dp/B0FM5KF34G?tag=visitbest07-20"
"B0FSJPFDPV","Dreame L40 Ultra Gen 2","Robot Vacuums","https://m.media-amazon.com/images/I/61hMADKz9DL._AC_SL1500.jpg","https://www.amazon.com/dp/B0FSJPFDPV?tag=visitbest07-20"
"B0G15YW3VF","Ninja BlendPro Kitchen System BO402","Food Processors","https://m.media-amazon.com/images/I/71GO2OIfh1L._AC_SL1500_.jpg","https://www.amazon.com/dp/B0G15YW3VF?tag=visitbest07-20"
"B0G6FR8V9Y","Vitamix VX1 Blender","Food Processors","https://m.media-amazon.com/images/I/71UqIuYX+HL._AC_SL1500_.jpg","https://www.amazon.com/dp/B0G6FR8V9Y?tag=visitbest07-20"
"B0G86TCCQS","Ninja UltraCrush Pro Kitchen System BP401","Food Processors","https://m.media-amazon.com/images/I/81MdinDfX3L._AC_SL1500_.jpg","https://www.amazon.com/dp/B0G86TCCQS?tag=visitbest07-20"
"B0GB6NRC9W","GiveBest Wall Heater for Bathroom","Space Heaters","https://m.media-amazon.com/images/I/81Zls468wnL._AC_SL1500.jpg","https://www.amazon.com/dp/B0GB6NRC9W?tag=visitbest07-20"
"B0GH8PVFHS","Ninja UltraCrush Professional Blender","Blenders","https://m.media-amazon.com/images/I/71GDWC3uKQL._AC_SL1500_.jpg","https://www.amazon.com/dp/B0GH8PVFHS?tag=visitbest07-20"
"B0GHY7VT3Y","ECOVACS DEEBOT T80S OMNI","Robot Vacuums","https://m.media-amazon.com/images/I/61QqsFnb0lL._AC_SL1500_.jpg","https://www.amazon.com/dp/B0GHY7VT3Y?tag=visitbest07-20"
"B0GS7FF1D6","Coway Airmega Mighty2","Air Purifiers","https://m.media-amazon.com/images/I/61RLfKfxF0L._AC_SL1500_.jpg","https://www.amazon.com/dp/B0GS7FF1D6?tag=visitbest07-20"
"B0H68T8QX3","Douviva 8-Cup Food Processor & Blender Combo","Food Processors","https://m.media-amazon.com/images/I/71I9Udb+7eL._AC_SL1500_.jpg","https://www.amazon.com/dp/B0H68T8QX3?tag=visitbest07-20"
"B0H9LRQ3Q5","VAL CUCINA 26.3 QT Clean Air Fryer Toaster Oven","Toaster Ovens","https://m.media-amazon.com/images/I/71ukegKn+dL._AC_SL1500.jpg","https://www.amazon.com/dp/B0H9LRQ3Q5?tag=visitbest07-20"