title,slug,category,type,description
Best Air Fryers for Most People in 2026,best-air-fryers-2026,air-fryers,overall,"A decision-first shortlist for everyday buyers, with clear trade-offs instead of feature-count rankings."
Best Air Fryers for Small Spaces,best-air-fryers-small-spaces,air-fryers,small,"Compact picks and space-saving buying rules for apartments, dorms and crowded counters."
Best Air Fryers for Families and Batch Use,best-air-fryers-families,air-fryers,family,Larger-capacity options and the capacity rules that matter when several people share one appliance.
Best Air Fryers Around $100,best-air-fryers-budget,air-fryers,budget,Value-focused picks that prioritize the features you actually use and skip expensive extras.
Air Fryers Buying Guide: What Actually Matters,air-fryers-buying-guide,air-fryers,guide,"A practical guide to sizing, features, cleanup, durability and avoiding overbuying."
Air Fryers Comparison Guide: How to Choose Between Similar Models,air-fryers-comparison-guide,air-fryers,compare,A side-by-side decision framework for separating meaningful differences from marketing noise.
Best Blenders for Most People in 2026,best-blenders-2026,blenders,overall,"A decision-first shortlist for everyday buyers, with clear trade-offs instead of feature-count rankings."
Best Blenders for Small Spaces,best-blenders-small-spaces,blenders,small,"Compact picks and space-saving buying rules for apartments, dorms and crowded counters."
Best Blenders for Families and Batch Use,best-blenders-families,blenders,family,Larger-capacity options and the capacity rules that matter when several people share one appliance.
Best Blenders Around $100,best-blenders-budget,blenders,budget,Value-focused picks that prioritize the features you actually use and skip expensive extras.
Blenders Buying Guide: What Actually Matters,blenders-buying-guide,blenders,guide,"A practical guide to sizing, features, cleanup, durability and avoiding overbuying."
Blenders Comparison Guide: How to Choose Between Similar Models,blenders-comparison-guide,blenders,compare,A side-by-side decision framework for separating meaningful differences from marketing noise.
Best Toaster Ovens for Most People in 2026,best-toaster-ovens-2026,toaster-ovens,overall,"A decision-first shortlist for everyday buyers, with clear trade-offs instead of feature-count rankings."
Best Toaster Ovens for Small Spaces,best-toaster-ovens-small-spaces,toaster-ovens,small,"Compact picks and space-saving buying rules for apartments, dorms and crowded counters."
Best Toaster Ovens for Families and Batch Use,best-toaster-ovens-families,toaster-ovens,family,Larger-capacity options and the capacity rules that matter when several people share one appliance.
Best Toaster Ovens Around $200,best-toaster-ovens-budget,toaster-ovens,budget,Value-focused picks that prioritize the features you actually use and skip expensive extras.
Toaster Ovens Buying Guide: What Actually Matters,toaster-ovens-buying-guide,toaster-ovens,guide,"A practical guide to sizing, features, cleanup, durability and avoiding overbuying."
Toaster Ovens Comparison Guide: How to Choose Between Similar Models,toaster-ovens-comparison-guide,toaster-ovens,compare,A side-by-side decision framework for separating meaningful differences from marketing noise.
Best Food Processors for Most People in 2026,best-food-processors-2026,food-processors,overall,"A decision-first shortlist for everyday buyers, with clear trade-offs instead of feature-count rankings."
Best Food Processors for Small Spaces,best-food-processors-small-spaces,food-processors,small,"Compact picks and space-saving buying rules for apartments, dorms and crowded counters."
Best Food Processors for Families and Batch Use,best-food-processors-families,food-processors,family,Larger-capacity options and the capacity rules that matter when several people share one appliance.
Best Food Processors Around $150,best-food-processors-budget,food-processors,budget,Value-focused picks that prioritize the features you actually use and skip expensive extras.
Food Processors Buying Guide: What Actually Matters,food-processors-buying-guide,food-processors,guide,"A practical guide to sizing, features, cleanup, durability and avoiding overbuying."
Food Processors Comparison Guide: How to Choose Between Similar Models,food-processors-comparison-guide,food-processors,compare,A side-by-side decision framework for separating meaningful differences from marketing noise.
Best Mini Choppers for Most People in 2026,best-mini-choppers-2026,mini-choppers,overall,"A decision-first shortlist for everyday buyers, with clear trade-offs instead of feature-count rankings."
Best Mini Choppers for Small Spaces,best-mini-choppers-small-spaces,mini-choppers,small,"Compact picks and space-saving buying rules for apartments, dorms and crowded counters."
Best Mini Choppers for Families and Batch Use,best-mini-choppers-families,mini-choppers,family,Larger-capacity options and the capacity rules that matter when several people share one appliance.
Best Mini Choppers Around $50,best-mini-choppers-budget,mini-choppers,budget,Value-focused picks that prioritize the features you actually use and skip expensive extras.
Mini Choppers Buying Guide: What Actually Matters,mini-choppers-buying-guide,mini-choppers,guide,"A practical guide to sizing, features, cleanup, durability and avoiding overbuying."
Mini Choppers Comparison Guide: How to Choose Between Similar Models,mini-choppers-comparison-guide,mini-choppers,compare,A side-by-side decision framework for separating meaningful differences from marketing noise.
Best Rice Cookers for Most People in 2026,best-rice-cookers-2026,rice-cookers,overall,"A decision-first shortlist for everyday buyers, with clear trade-offs instead of feature-count rankings."
Best Rice Cookers for Small Spaces,best-rice-cookers-small-spaces,rice-cookers,small,"Compact picks and space-saving buying rules for apartments, dorms and crowded counters."
Best Rice Cookers for Families and Batch Use,best-rice-cookers-families,rice-cookers,family,Larger-capacity options and the capacity rules that matter when several people share one appliance.
Best Rice Cookers Around $100,best-rice-cookers-budget,rice-cookers,budget,Value-focused picks that prioritize the features you actually use and skip expensive extras.
Rice Cookers Buying Guide: What Actually Matters,rice-cookers-buying-guide,rice-cookers,guide,"A practical guide to sizing, features, cleanup, durability and avoiding overbuying."
Rice Cookers Comparison Guide: How to Choose Between Similar Models,rice-cookers-comparison-guide,rice-cookers,compare,A side-by-side decision framework for separating meaningful differences from marketing noise.
Best Electric Kettles for Most People in 2026,best-electric-kettles-2026,electric-kettles,overall,"A decision-first shortlist for everyday buyers, with clear trade-offs instead of feature-count rankings."
Best Electric Kettles for Small Spaces,best-electric-kettles-small-spaces,electric-kettles,small,"Compact picks and space-saving buying rules for apartments, dorms and crowded counters."
Best Electric Kettles for Families and Batch Use,best-electric-kettles-families,electric-kettles,family,Larger-capacity options and the capacity rules that matter when several people share one appliance.
Best Electric Kettles Around $100,best-electric-kettles-budget,electric-kettles,budget,Value-focused picks that prioritize the features you actually use and skip expensive extras.
Electric Kettles Buying Guide: What Actually Matters,electric-kettles-buying-guide,electric-kettles,guide,"A practical guide to sizing, features, cleanup, durability and avoiding overbuying."
Electric Kettles Comparison Guide: How to Choose Between Similar Models,electric-kettles-comparison-guide,electric-kettles,compare,A side-by-side decision framework for separating meaningful differences from marketing noise.
Best Coffee Grinders for Most People in 2026,best-coffee-grinders-2026,coffee-grinders,overall,"A decision-first shortlist for everyday buyers, with clear trade-offs instead of feature-count rankings."
Best Coffee Grinders for Small Spaces,best-coffee-grinders-small-spaces,coffee-grinders,small,"Compact picks and space-saving buying rules for apartments, dorms and crowded counters."
Best Coffee Grinders for Families and Batch Use,best-coffee-grinders-families,coffee-grinders,family,Larger-capacity options and the capacity rules that matter when several people share one appliance.
Best Coffee Grinders Around $150,best-coffee-grinders-budget,coffee-grinders,budget,Value-focused picks that prioritize the features you actually use and skip expensive extras.
Coffee Grinders Buying Guide: What Actually Matters,coffee-grinders-buying-guide,coffee-grinders,guide,"A practical guide to sizing, features, cleanup, durability and avoiding overbuying."
Coffee Grinders Comparison Guide: How to Choose Between Similar Models,coffee-grinders-comparison-guide,coffee-grinders,compare,A side-by-side decision framework for separating meaningful differences from marketing noise.
Best Waffle Makers for Most People in 2026,best-waffle-makers-2026,waffle-makers,overall,"A decision-first shortlist for everyday buyers, with clear trade-offs instead of feature-count rankings."
Best Waffle Makers for Small Spaces,best-waffle-makers-small-spaces,waffle-makers,small,"Compact picks and space-saving buying rules for apartments, dorms and crowded counters."
Best Waffle Makers for Families and Batch Use,best-waffle-makers-families,waffle-makers,family,Larger-capacity options and the capacity rules that matter when several people share one appliance.
Best Waffle Makers Around $100,best-waffle-makers-budget,waffle-makers,budget,Value-focused picks that prioritize the features you actually use and skip expensive extras.
Waffle Makers Buying Guide: What Actually Matters,waffle-makers-buying-guide,waffle-makers,guide,"A practical guide to sizing, features, cleanup, durability and avoiding overbuying."
Waffle Makers Comparison Guide: How to Choose Between Similar Models,waffle-makers-comparison-guide,waffle-makers,compare,A side-by-side decision framework for separating meaningful differences from marketing noise.
Best Air Purifiers for Most People in 2026,best-air-purifiers-2026,air-purifiers,overall,"A decision-first shortlist for everyday buyers, with clear trade-offs instead of feature-count rankings."
Best Air Purifiers for Small Spaces,best-air-purifiers-small-spaces,air-purifiers,small,"Compact picks and space-saving buying rules for apartments, dorms and crowded counters."
Best Air Purifiers for Families and Batch Use,best-air-purifiers-families,air-purifiers,family,Larger-capacity options and the capacity rules that matter when several people share one appliance.
Best Air Purifiers Around $200,best-air-purifiers-budget,air-purifiers,budget,Value-focused picks that prioritize the features you actually use and skip expensive extras.
Air Purifiers Buying Guide: What Actually Matters,air-purifiers-buying-guide,air-purifiers,guide,"A practical guide to sizing, features, cleanup, durability and avoiding overbuying."
Air Purifiers Comparison Guide: How to Choose Between Similar Models,air-purifiers-comparison-guide,air-purifiers,compare,A side-by-side decision framework for separating meaningful differences from marketing noise.
Best Robot Vacuums for Most People in 2026,best-robot-vacuums-2026,robot-vacuums,overall,"A decision-first shortlist for everyday buyers, with clear trade-offs instead of feature-count rankings."
Best Robot Vacuums for Small Spaces,best-robot-vacuums-small-spaces,robot-vacuums,small,"Compact picks and space-saving buying rules for apartments, dorms and crowded counters."
Best Robot Vacuums for Families and Batch Use,best-robot-vacuums-families,robot-vacuums,family,Larger-capacity options and the capacity rules that matter when several people share one appliance.
Best Robot Vacuums Around $500,best-robot-vacuums-budget,robot-vacuums,budget,Value-focused picks that prioritize the features you actually use and skip expensive extras.
Robot Vacuums Buying Guide: What Actually Matters,robot-vacuums-buying-guide,robot-vacuums,guide,"A practical guide to sizing, features, cleanup, durability and avoiding overbuying."
Robot Vacuums Comparison Guide: How to Choose Between Similar Models,robot-vacuums-comparison-guide,robot-vacuums,compare,A side-by-side decision framework for separating meaningful differences from marketing noise.
Best Handheld Vacuums for Most People in 2026,best-handheld-vacuums-2026,handheld-vacuums,overall,"A decision-first shortlist for everyday buyers, with clear trade-offs instead of feature-count rankings."
Best Handheld Vacuums for Small Spaces,best-handheld-vacuums-small-spaces,handheld-vacuums,small,"Compact picks and space-saving buying rules for apartments, dorms and crowded counters."
Best Handheld Vacuums for Families and Batch Use,best-handheld-vacuums-families,handheld-vacuums,family,Larger-capacity options and the capacity rules that matter when several people share one appliance.
Best Handheld Vacuums Around $100,best-handheld-vacuums-budget,handheld-vacuums,budget,Value-focused picks that prioritize the features you actually use and skip expensive extras.
Handheld Vacuums Buying Guide: What Actually Matters,handheld-vacuums-buying-guide,handheld-vacuums,guide,"A practical guide to sizing, features, cleanup, durability and avoiding overbuying."
Handheld Vacuums Comparison Guide: How to Choose Between Similar Models,handheld-vacuums-comparison-guide,handheld-vacuums,compare,A side-by-side decision framework for separating meaningful differences from marketing noise.
How to Clean and Maintain an Air Fryer: The Complete Care Guide,air-fryers-cleaning-and-maintenance,air-fryers,maintenance,"A practical after-use routine, deep-cleaning schedule and part-replacement plan that keeps an air fryer performing like new for years."
7 Air Fryer Buying Mistakes to Avoid (and What to Do Instead),air-fryers-buying-mistakes,air-fryers,mistakes,"The most common ways buyers overspend or under-buy when choosing an air fryer, with the decision rule that prevents each one."
Premium vs Budget Air Fryers: Where the Extra Money Actually Goes,premium-vs-budget-air-fryers,air-fryers,value-analysis,"A line-item look at what higher prices buy in air fryers, when the upgrade pays off daily, and when the budget pick is the smarter move."
How to Clean and Maintain a Blender: The Complete Care Guide,blenders-cleaning-and-maintenance,blenders,maintenance,"A practical after-use routine, deep-cleaning schedule and part-replacement plan that keeps a blender performing like new for years."
7 Blender Buying Mistakes to Avoid (and What to Do Instead),blenders-buying-mistakes,blenders,mistakes,"The most common ways buyers overspend or under-buy when choosing a blender, with the decision rule that prevents each one."
Premium vs Budget Blenders: Where the Extra Money Actually Goes,premium-vs-budget-blenders,blenders,value-analysis,"A line-item look at what higher prices buy in blenders, when the upgrade pays off daily, and when the budget pick is the smarter move."
How to Clean and Maintain a Toaster Oven: The Complete Care Guide,toaster-ovens-cleaning-and-maintenance,toaster-ovens,maintenance,"A practical after-use routine, deep-cleaning schedule and part-replacement plan that keeps a toaster oven performing like new for years."
7 Toaster Oven Buying Mistakes to Avoid (and What to Do Instead),toaster-ovens-buying-mistakes,toaster-ovens,mistakes,"The most common ways buyers overspend or under-buy when choosing a toaster oven, with the decision rule that prevents each one."
Premium vs Budget Toaster Ovens: Where the Extra Money Actually Goes,premium-vs-budget-toaster-ovens,toaster-ovens,value-analysis,"A line-item look at what higher prices buy in toaster ovens, when the upgrade pays off daily, and when the budget pick is the smarter move."
How to Clean and Maintain a Food Processor: The Complete Care Guide,food-processors-cleaning-and-maintenance,food-processors,maintenance,"A practical after-use routine, deep-cleaning schedule and part-replacement plan that keeps a food processor performing like new for years."
7 Food Processor Buying Mistakes to Avoid (and What to Do Instead),food-processors-buying-mistakes,food-processors,mistakes,"The most common ways buyers overspend or under-buy when choosing a food processor, with the decision rule that prevents each one."
Premium vs Budget Food Processors: Where the Extra Money Actually Goes,premium-vs-budget-food-processors,food-processors,value-analysis,"A line-item look at what higher prices buy in food processors, when the upgrade pays off daily, and when the budget pick is the smarter move."
How to Clean and Maintain a Mini Chopper: The Complete Care Guide,mini-choppers-cleaning-and-maintenance,mini-choppers,maintenance,"A practical after-use routine, deep-cleaning schedule and part-replacement plan that keeps a mini chopper performing like new for years."
7 Mini Chopper Buying Mistakes to Avoid (and What to Do Instead),mini-choppers-buying-mistakes,mini-choppers,mistakes,"The most common ways buyers overspend or under-buy when choosing a mini chopper, with the decision rule that prevents each one."
Premium vs Budget Mini Choppers: Where the Extra Money Actually Goes,premium-vs-budget-mini-choppers,mini-choppers,value-analysis,"A line-item look at what higher prices buy in mini choppers, when the upgrade pays off daily, and when the budget pick is the smarter move."
How to Clean and Maintain a Rice Cooker: The Complete Care Guide,rice-cookers-cleaning-and-maintenance,rice-cookers,maintenance,"A practical after-use routine, deep-cleaning schedule and part-replacement plan that keeps a rice cooker performing like new for years."
7 Rice Cooker Buying Mistakes to Avoid (and What to Do Instead),rice-cookers-buying-mistakes,rice-cookers,mistakes,"The most common ways buyers overspend or under-buy when choosing a rice cooker, with the decision rule that prevents each one."
Premium vs Budget Rice Cookers: Where the Extra Money Actually Goes,premium-vs-budget-rice-cookers,rice-cookers,value-analysis,"A line-item look at what higher prices buy in rice cookers, when the upgrade pays off daily, and when the budget pick is the smarter move."
How to Clean and Maintain an Electric Kettle: The Complete Care Guide,electric-kettles-cleaning-and-maintenance,electric-kettles,maintenance,"A practical after-use routine, deep-cleaning schedule and part-replacement plan that keeps an electric kettle performing like new for years."
7 Electric Kettle Buying Mistakes to Avoid (and What to Do Instead),electric-kettles-buying-mistakes,electric-kettles,mistakes,"The most common ways buyers overspend or under-buy when choosing an electric kettle, with the decision rule that prevents each one."
Premium vs Budget Electric Kettles: Where the Extra Money Actually Goes,premium-vs-budget-electric-kettles,electric-kettles,value-analysis,"A line-item look at what higher prices buy in electric kettles, when the upgrade pays off daily, and when the budget pick is the smarter move."
How to Clean and Maintain a Coffee Grinder: The Complete Care Guide,coffee-grinders-cleaning-and-maintenance,coffee-grinders,maintenance,"A practical after-use routine, deep-cleaning schedule and part-replacement plan that keeps a coffee grinder performing like new for years."
7 Coffee Grinder Buying Mistakes to Avoid (and What to Do Instead),coffee-grinders-buying-mistakes,coffee-grinders,mistakes,"The most common ways buyers overspend or under-buy when choosing a coffee grinder, with the decision rule that prevents each one."
Premium vs Budget Coffee Grinders: Where the Extra Money Actually Goes,premium-vs-budget-coffee-grinders,coffee-grinders,value-analysis,"A line-item look at what higher prices buy in coffee grinders, when the upgrade pays off daily, and when the budget pick is the smarter move."
How to Clean and Maintain a Waffle Maker: The Complete Care Guide,waffle-makers-cleaning-and-maintenance,waffle-makers,maintenance,"A practical after-use routine, deep-cleaning schedule and part-replacement plan that keeps a waffle maker performing like new for years."
7 Waffle Maker Buying Mistakes to Avoid (and What to Do Instead),waffle-makers-buying-mistakes,waffle-makers,mistakes,"The most common ways buyers overspend or under-buy when choosing a waffle maker, with the decision rule that prevents each one."
Premium vs Budget Waffle Makers: Where the Extra Money Actually Goes,premium-vs-budget-waffle-makers,waffle-makers,value-analysis,"A line-item look at what higher prices buy in waffle makers, when the upgrade pays off daily, and when the budget pick is the smarter move."
How to Clean and Maintain an Air Purifier: The Complete Care Guide,air-purifiers-cleaning-and-maintenance,air-purifiers,maintenance,"A practical after-use routine, deep-cleaning schedule and part-replacement plan that keeps an air purifier performing like new for years."
7 Air Purifier Buying Mistakes to Avoid (and What to Do Instead),air-purifiers-buying-mistakes,air-purifiers,mistakes,"The most common ways buyers overspend or under-buy when choosing an air purifier, with the decision rule that prevents each one."
Premium vs Budget Air Purifiers: Where the Extra Money Actually Goes,premium-vs-budget-air-purifiers,air-purifiers,value-analysis,"A line-item look at what higher prices buy in air purifiers, when the upgrade pays off daily, and when the budget pick is the smarter move."
How to Clean and Maintain a Robot Vacuum: The Complete Care Guide,robot-vacuums-cleaning-and-maintenance,robot-vacuums,maintenance,"A practical after-use routine, deep-cleaning schedule and part-replacement plan that keeps a robot vacuum performing like new for years."
7 Robot Vacuum Buying Mistakes to Avoid (and What to Do Instead),robot-vacuums-buying-mistakes,robot-vacuums,mistakes,"The most common ways buyers overspend or under-buy when choosing a robot vacuum, with the decision rule that prevents each one."
Premium vs Budget Robot Vacuums: Where the Extra Money Actually Goes,premium-vs-budget-robot-vacuums,robot-vacuums,value-analysis,"A line-item look at what higher prices buy in robot vacuums, when the upgrade pays off daily, and when the budget pick is the smarter move."
How to Clean and Maintain a Handheld Vacuum: The Complete Care Guide,handheld-vacuums-cleaning-and-maintenance,handheld-vacuums,maintenance,"A practical after-use routine, deep-cleaning schedule and part-replacement plan that keeps a handheld vacuum performing like new for years."
7 Handheld Vacuum Buying Mistakes to Avoid (and What to Do Instead),handheld-vacuums-buying-mistakes,handheld-vacuums,mistakes,"The most common ways buyers overspend or under-buy when choosing a handheld vacuum, with the decision rule that prevents each one."
Premium vs Budget Handheld Vacuums: Where the Extra Money Actually Goes,premium-vs-budget-handheld-vacuums,handheld-vacuums,value-analysis,"A line-item look at what higher prices buy in handheld vacuums, when the upgrade pays off daily, and when the budget pick is the smarter move."
