original_name,final_name,asin,image_url,affiliate_url,amazon_product_url,verified_at,verification_status
Instant Vortex Plus Dual Basket 8-Qt,Instant Vortex Plus Dual Basket 8-Qt,B09K6MK5VN,https://m.media-amazon.com/images/I/71-OGBn2gIL._AC_SL1500_.jpg,https://www.amazon.com/dp/B09K6MK5VN/ref=nosim?tag=visitbest07-20,https://www.amazon.com/dp/B09K6MK5VN,2026-08-18,verified
Ninja Air Fryer Pro AF141,Ninja Air Fryer Pro AF141,B0CSZ7WBYW,https://m.media-amazon.com/images/I/71jfzcXideL._AC_SL1500_.jpg,https://www.amazon.com/dp/B0CSZ7WBYW/ref=nosim?tag=visitbest07-20,https://www.amazon.com/dp/B0CSZ7WBYW,2026-08-18,verified
NutriBullet Pro Personal Blender,NutriBullet Pro 900 Special Edition,B0BZK4TZJ2,https://m.media-amazon.com/images/I/41J8iw-NxzL._AC_SL1000_.jpg,https://www.amazon.com/dp/B0BZK4TZJ2/ref=nosim?tag=visitbest07-20,https://www.amazon.com/dp/B0BZK4TZJ2,2026-08-18,verified
Breville Smart Oven Air Fryer Pro,Breville Smart Oven Air Fryer Pro BOV900BSS,B01N5UPTZS,https://m.media-amazon.com/images/I/51jCxzgxYwL._AC_SX679_.jpg,https://www.amazon.com/dp/B01N5UPTZS/ref=nosim?tag=visitbest07-20,https://www.amazon.com/dp/B01N5UPTZS,2026-08-18,verified
Cuisinart TOA-70 Air Fryer Toaster Oven,Cuisinart TOA-70NAS Air Fryer Toaster Oven,B09HSWBTN4,https://m.media-amazon.com/images/I/71UIRKGLtYL._AC_SL1500_.jpg,https://www.amazon.com/dp/B09HSWBTN4/ref=nosim?tag=visitbest07-20,https://www.amazon.com/dp/B09HSWBTN4,2026-08-18,verified
Ninja Foodi Digital Air Fry Oven,Ninja Digital Air Fry Countertop Oven SP101,B07SCGY2H6,https://m.media-amazon.com/images/I/81iQGSa1M4L._AC_SL1500_.jpg,https://www.amazon.com/dp/B07SCGY2H6/ref=nosim?tag=visitbest07-20,https://www.amazon.com/dp/B07SCGY2H6,2026-08-18,verified
BLACK+DECKER Crisp N Bake,BLACK+DECKER Crisp 'N Bake TO3217SS,B0B4T992R8,https://m.media-amazon.com/images/I/61Llb1NzHNL._AC_SL1441_.jpg,https://www.amazon.com/dp/B0B4T992R8/ref=nosim?tag=visitbest07-20,https://www.amazon.com/dp/B0B4T992R8,2026-08-18,verified
Hamilton Beach Sure-Crisp,Hamilton Beach Sure-Crisp 31403J,B08CW95ZFR,https://m.media-amazon.com/images/I/81T8shWarRL._AC_SL1500_.jpg,https://www.amazon.com/dp/B08CW95ZFR/ref=nosim?tag=visitbest07-20,https://www.amazon.com/dp/B08CW95ZFR,2026-08-18,verified
Cuisinart 14-Cup Food Processor DFP-14BCNY,Cuisinart 14-Cup Food Processor DFP-14BCNY,B01AXM4WV2,https://m.media-amazon.com/images/I/71ktQE8jAhL._AC_SL1500_.jpg,https://www.amazon.com/dp/B01AXM4WV2/ref=nosim?tag=visitbest07-20,https://www.amazon.com/dp/B01AXM4WV2,2026-08-18,verified
Breville Sous Chef 16,Breville Sous Chef 16 BFP810,B0CDM1FZBX,https://m.media-amazon.com/images/I/713iRDG+SyL._AC_SL1500_.jpg,https://www.amazon.com/dp/B0CDM1FZBX/ref=nosim?tag=visitbest07-20,https://www.amazon.com/dp/B0CDM1FZBX,2026-08-18,verified
Ninja Professional Plus Food Processor BN601,Ninja Professional Plus Food Processor BN601 (Renewed),B08GCX3BG9,https://m.media-amazon.com/images/I/815HeuSgMaL._AC_SL1500_.jpg,https://www.amazon.com/dp/B08GCX3BG9/ref=nosim?tag=visitbest07-20,https://www.amazon.com/dp/B08GCX3BG9,2026-08-18,verified
KitchenAid 13-Cup Food Processor,KitchenAid 13-Cup Food Processor KFP1318,B0912L55WG,https://m.media-amazon.com/images/I/71wEHQ6vMPL._AC_SL1500_.jpg,https://www.amazon.com/dp/B0912L55WG/ref=nosim?tag=visitbest07-20,https://www.amazon.com/dp/B0912L55WG,2026-08-18,verified
Hamilton Beach 10-Cup Food Processor,Hamilton Beach 10-Cup Food Processor 70735,B08MB664XB,https://m.media-amazon.com/images/I/71nF7VeVNiL._AC_SL1500_.jpg,https://www.amazon.com/dp/B08MB664XB/ref=nosim?tag=visitbest07-20,https://www.amazon.com/dp/B08MB664XB,2026-08-18,verified
KitchenAid 3.5-Cup Food Chopper,KitchenAid 3.5-Cup Food Chopper KFC3516ER,B01LZIHVTC,https://m.media-amazon.com/images/I/6186h7rqz0L._AC_SL1280_.jpg,https://www.amazon.com/dp/B01LZIHVTC/ref=nosim?tag=visitbest07-20,https://www.amazon.com/dp/B01LZIHVTC,2026-08-18,verified
Ninja Express Chop,Ninja Express Chop NJ100GR,B005GYRXB4,https://m.media-amazon.com/images/I/41EdUz4ZUaL.jpg,https://www.amazon.com/dp/B005GYRXB4/ref=nosim?tag=visitbest07-20,https://www.amazon.com/dp/B005GYRXB4,2026-08-18,verified
Cuisinart Mini-Prep Plus,Cuisinart Mini-Prep Plus DLC-2ABC,B0000645YM,https://m.media-amazon.com/images/I/413ur574PHL.jpg,https://www.amazon.com/dp/B0000645YM/ref=nosim?tag=visitbest07-20,https://www.amazon.com/dp/B0000645YM,2026-08-18,verified
Hamilton Beach Stack & Press,Hamilton Beach Stack & Press 72850,B06Y2GZWCJ,https://m.media-amazon.com/images/I/71yhvgRx6HL._AC_SL1500_.jpg,https://www.amazon.com/dp/B06Y2GZWCJ/ref=nosim?tag=visitbest07-20,https://www.amazon.com/dp/B06Y2GZWCJ,2026-08-18,verified
BLACK+DECKER 1.5-Cup Chopper,BLACK+DECKER 1.5-Cup Chopper HC150B,B01LYR6VNZ,https://m.media-amazon.com/images/I/815Gfj8hrhL._AC_SL1500_.jpg,https://www.amazon.com/dp/B01LYR6VNZ/ref=nosim?tag=visitbest07-20,https://www.amazon.com/dp/B01LYR6VNZ,2026-08-18,verified
Zojirushi NS-ZCC10 Neuro Fuzzy,Zojirushi NS-ZCC10 Neuro Fuzzy,B00007J5U7,https://m.media-amazon.com/images/I/31wuPFARpOS.jpg,https://www.amazon.com/dp/B00007J5U7/ref=nosim?tag=visitbest07-20,https://www.amazon.com/dp/B00007J5U7,2026-08-18,verified
Aroma ARC-914SBD,Aroma ARC-914SBD,B007WQ9YNO,https://m.media-amazon.com/images/I/41V32cTWxML.jpg,https://www.amazon.com/dp/B007WQ9YNO/ref=nosim?tag=visitbest07-20,https://www.amazon.com/dp/B007WQ9YNO,2026-08-18,verified
Tiger JAX-T10U,Tiger JAX-T10U-K Micom Rice Cooker,B00HLSIINU,https://m.media-amazon.com/images/I/418aVEZ2d6L.jpg,https://www.amazon.com/dp/B00HLSIINU/ref=nosim?tag=visitbest07-20,https://www.amazon.com/dp/B00HLSIINU,2026-08-18,verified
Instant Pot Duo,Instant Pot Duo 7-in-1 6-Quart,B00FLYWNYQ,https://m.media-amazon.com/images/I/71Z401LjFFL._AC_SL1500_.jpg,https://www.amazon.com/dp/B00FLYWNYQ/ref=nosim?tag=visitbest07-20,https://www.amazon.com/dp/B00FLYWNYQ,2026-08-18,verified
Dash Mini Rice Cooker,Dash Mini Rice Cooker 2-Cup,B0FT46M9XR,https://m.media-amazon.com/images/I/51j3nbt0jjL._AC_SL1500_.jpg,https://www.amazon.com/dp/B0FT46M9XR/ref=nosim?tag=visitbest07-20,https://www.amazon.com/dp/B0FT46M9XR,2026-08-18,verified
Fellow Stagg EKG,Fellow Stagg EKG Pro,B0BF7HJ8MX,https://m.media-amazon.com/images/I/31utCmJ0tbL.jpg,https://www.amazon.com/dp/B0BF7HJ8MX/ref=nosim?tag=visitbest07-20,https://www.amazon.com/dp/B0BF7HJ8MX,2026-08-18,verified
Ninja Foodi DZ550 10-Qt DualZone Smart XL,Ninja Foodi DZ550 10-Qt DualZone Smart XL,B0B15Q3HCQ,https://m.media-amazon.com/images/I/61FrvAw250L._AC_SL1500_.jpg,https://www.amazon.com/dp/B0B15Q3HCQ/ref=nosim?tag=visitbest07-20,https://www.amazon.com/dp/B0B15Q3HCQ,2026-08-18,verified
Ninja Foodi DZ401 10-Qt DualZone XL,Ninja Foodi DZ401 10-Qt DualZone XL,B096X9LGJ1,https://m.media-amazon.com/images/I/61A3ePViuoL._AC_SL1500_.jpg,https://www.amazon.com/dp/B096X9LGJ1/ref=nosim?tag=visitbest07-20,https://www.amazon.com/dp/B096X9LGJ1,2026-08-18,verified
Ninja DoubleStack XL SL401,Ninja DoubleStack XL SL401,B0CZS6SS3Y,https://m.media-amazon.com/images/I/61lLbrNYWmL._AC_SL1500_.jpg,https://www.amazon.com/dp/B0CZS6SS3Y/ref=nosim?tag=visitbest07-20,https://www.amazon.com/dp/B0CZS6SS3Y,2026-08-18,verified
Ninja Professional Plus BN701,Ninja Professional Plus BN701,B0855B5Z6F,https://m.media-amazon.com/images/I/71RbmccXCUL._AC_SL1500_.jpg,https://www.amazon.com/dp/B0855B5Z6F/ref=nosim?tag=visitbest07-20,https://www.amazon.com/dp/B0855B5Z6F,2026-08-18,verified
Ninja Professional BL610,Ninja Professional BL610,B00NGV4506,https://m.media-amazon.com/images/I/61DvtaqAWML._AC_SL1500_.jpg,https://www.amazon.com/dp/B00NGV4506/ref=nosim?tag=visitbest07-20,https://www.amazon.com/dp/B00NGV4506,2026-08-18,verified
Ninja UltraCrush Professional Blender,Ninja UltraCrush Professional Blender,B0GH8PVFHS,https://m.media-amazon.com/images/I/71GDWC3uKQL._AC_SL1500_.jpg,https://www.amazon.com/dp/B0GH8PVFHS/ref=nosim?tag=visitbest07-20,https://www.amazon.com/dp/B0GH8PVFHS,2026-08-18,verified
Hamilton Beach Power Elite,Hamilton Beach Power Elite,B00EI7DPI0,https://m.media-amazon.com/images/I/71k1RTjfAhL._AC_SL1500_.jpg,https://www.amazon.com/dp/B00EI7DPI0/ref=nosim?tag=visitbest07-20,https://www.amazon.com/dp/B00EI7DPI0,2026-08-18,verified
LEVOIT Core 400S-P,LEVOIT Core 400S-P,B08R794ZMX,https://m.media-amazon.com/images/I/71twSqT5ZYL._AC_SL1500_.jpg,https://www.amazon.com/dp/B08R794ZMX/ref=nosim?tag=visitbest07-20,https://www.amazon.com/dp/B08R794ZMX,2026-08-18,verified
Roborock Saros 10R,Roborock Saros 10R,B0DHCJ571Z,https://m.media-amazon.com/images/I/619xjRMbkSL._AC_SL1500_.jpg,https://www.amazon.com/dp/B0DHCJ571Z/ref=nosim?tag=visitbest07-20,https://www.amazon.com/dp/B0DHCJ571Z,2026-08-18,verified
Shark UltraCyclone Pet Pro Plus CH951,Shark UltraCyclone Pet Pro Plus CH951,B08559H8W2,https://m.media-amazon.com/images/I/71RZ0xA0fmL._AC_SL1500_.jpg,https://www.amazon.com/dp/B08559H8W2/ref=nosim?tag=visitbest07-20,https://www.amazon.com/dp/B08559H8W2,2026-08-18,verified
COSORI TurboBlaze 6-Qt,COSORI TurboBlaze 6-Qt,B0C33CHG99,https://m.media-amazon.com/images/I/81R9sA3IyBL._AC_SL1500_.jpg,https://www.amazon.com/dp/B0C33CHG99/ref=nosim?tag=visitbest07-20,https://www.amazon.com/dp/B0C33CHG99,2026-08-18,verified
Cuisinart CPK-17 PerfecTemp,Cuisinart PerfecTemp CPK-17P1,B003KYSLNQ,https://m.media-amazon.com/images/I/61CWKqSDbgL._AC_SL1500_.jpg,https://www.amazon.com/dp/B003KYSLNQ/ref=nosim?tag=visitbest07-20,https://www.amazon.com/dp/B003KYSLNQ,2026-08-18,verified
COSORI Electric Gooseneck Kettle,COSORI Gooseneck Electric Kettle 0.8L,B07T1CH2HH,https://m.media-amazon.com/images/I/51q9V35H2gL._AC_SL1322_.jpg,https://www.amazon.com/dp/B07T1CH2HH/ref=nosim?tag=visitbest07-20,https://www.amazon.com/dp/B07T1CH2HH,2026-08-18,verified
OXO Brew Adjustable Temperature Kettle,OXO Brew Adjustable Temperature Kettle,B01KTRDKNW,https://m.media-amazon.com/images/I/31I-qHoZFtL.jpg,https://www.amazon.com/dp/B01KTRDKNW/ref=nosim?tag=visitbest07-20,https://www.amazon.com/dp/B01KTRDKNW,2026-08-18,verified
Hamilton Beach 1.7L Electric Kettle,Hamilton Beach 1.7L Electric Kettle 40880G,B00UFQ2LJ2,https://m.media-amazon.com/images/I/71zJShDoPsL._AC_SL1500_.jpg,https://www.amazon.com/dp/B00UFQ2LJ2/ref=nosim?tag=visitbest07-20,https://www.amazon.com/dp/B00UFQ2LJ2,2026-08-18,verified
Baratza Encore ESP,Baratza Encore ESP ZCG495BLK,B0BW272XCV,https://m.media-amazon.com/images/I/618pZAdKDBL._AC_SL1500_.jpg,https://www.amazon.com/dp/B0BW272XCV/ref=nosim?tag=visitbest07-20,https://www.amazon.com/dp/B0BW272XCV,2026-08-18,verified
OXO Brew Conical Burr Grinder,OXO Brew Conical Burr Coffee Grinder,B07CSKGLMM,https://m.media-amazon.com/images/I/71DeUg8G7kS._AC_SL1500_.jpg,https://www.amazon.com/dp/B07CSKGLMM/ref=nosim?tag=visitbest07-20,https://www.amazon.com/dp/B07CSKGLMM,2026-08-18,verified
Fellow Ode Gen 2,Fellow Ode Gen 2 Brew Grinder,B0BLRMCM9Y,https://m.media-amazon.com/images/I/71trJPFvsqL._AC_SL1500_.jpg,https://www.amazon.com/dp/B0BLRMCM9Y/ref=nosim?tag=visitbest07-20,https://www.amazon.com/dp/B0BLRMCM9Y,2026-08-18,verified
Cuisinart DBM-8P1 Supreme Grind,Cuisinart DBM-8P1 Supreme Grind Burr Grinder,B00018RRRK,https://m.media-amazon.com/images/I/71fU7hDEbhL._AC_SL1500_.jpg,https://www.amazon.com/dp/B00018RRRK/ref=nosim?tag=visitbest07-20,https://www.amazon.com/dp/B00018RRRK,2026-08-18,verified
KRUPS F203 Blade Grinder,KRUPS Precision Electric Coffee Grinder,B00004SPEU,https://m.media-amazon.com/images/I/61z4ihlNwcL._AC_SL1500_.jpg,https://www.amazon.com/dp/B00004SPEU/ref=nosim?tag=visitbest07-20,https://www.amazon.com/dp/B00004SPEU,2026-08-18,verified
Cuisinart WAF-F30 Belgian Waffle Maker,Cuisinart WAF-F30NAS Flip Belgian Waffle Maker,B0F5YKHMSW,https://m.media-amazon.com/images/I/41CaCNHpLFL.jpg,https://www.amazon.com/dp/B0F5YKHMSW/ref=nosim?tag=visitbest07-20,https://www.amazon.com/dp/B0F5YKHMSW,2026-08-18,verified
Breville Smart Waffle Pro,Breville Smart Waffle Pro 2 Slice BWM620XL,B00F5C1Q5Q,https://m.media-amazon.com/images/I/41v7tbAyCJL.jpg,https://www.amazon.com/dp/B00F5C1Q5Q/ref=nosim?tag=visitbest07-20,https://www.amazon.com/dp/B00F5C1Q5Q,2026-08-18,verified
Dash Mini Waffle Maker,Dash Mini Waffle Maker 4-Inch,B01NAM6F2J,https://m.media-amazon.com/images/I/41mq26u3iSL.jpg,https://www.amazon.com/dp/B01NAM6F2J/ref=nosim?tag=visitbest07-20,https://www.amazon.com/dp/B01NAM6F2J,2026-08-18,verified
KRUPS Belgian Waffle Maker,KRUPS 4-Slice Belgian Waffle Maker,B01FYIAQA6,https://m.media-amazon.com/images/I/51LjHkbLVyL.jpg,https://www.amazon.com/dp/B01FYIAQA6/ref=nosim?tag=visitbest07-20,https://www.amazon.com/dp/B01FYIAQA6,2026-08-18,verified
Hamilton Beach Flip Belgian Waffle Maker,Hamilton Beach Flip Belgian Waffle Maker 26030,B007AHLIZC,https://m.media-amazon.com/images/I/41FI5E1SHKL.jpg,https://www.amazon.com/dp/B007AHLIZC/ref=nosim?tag=visitbest07-20,https://www.amazon.com/dp/B007AHLIZC,2026-08-18,verified
Blueair Blue Pure 211i Max,Blueair Blue Pure 211i Max,B0BN2MGV5H,https://m.media-amazon.com/images/I/31K9NLoXncL.jpg,https://www.amazon.com/dp/B0BN2MGV5H/ref=nosim?tag=visitbest07-20,https://www.amazon.com/dp/B0BN2MGV5H,2026-08-18,verified
LEVOIT Core 300-P,LEVOIT Core 300-P,B07VVK39F7,https://m.media-amazon.com/images/I/71t-9BTIg9L._AC_SL1500_.jpg,https://www.amazon.com/dp/B07VVK39F7/ref=nosim?tag=visitbest07-20,https://www.amazon.com/dp/B07VVK39F7,2026-08-18,verified
Coway Airmega AP-1512HH Mighty,Coway Airmega AP-1512HH(W) Mighty,B01728NLRG,https://m.media-amazon.com/images/I/61Cgh4ol4oL._AC_SL1500_.jpg,https://www.amazon.com/dp/B01728NLRG/ref=nosim?tag=visitbest07-20,https://www.amazon.com/dp/B01728NLRG,2026-08-18,verified
Winix 5500-2,Winix 5500-2,B01D8DAYII,https://m.media-amazon.com/images/I/61UqpOlddiL._AC_SL1500_.jpg,https://www.amazon.com/dp/B01D8DAYII/ref=nosim?tag=visitbest07-20,https://www.amazon.com/dp/B01D8DAYII,2026-08-18,verified
ECOVACS DEEBOT T80S OMNI,ECOVACS DEEBOT T80S OMNI,B0GHY7VT3Y,https://m.media-amazon.com/images/I/61QqsFnb0lL._AC_SL1500_.jpg,https://www.amazon.com/dp/B0GHY7VT3Y/ref=nosim?tag=visitbest07-20,https://www.amazon.com/dp/B0GHY7VT3Y,2026-08-18,verified
Dreame L40 Ultra Gen 2,Dreame L40 Ultra Gen 2,B0FSJPFDPV,https://m.media-amazon.com/images/I/61hMADKz9DL._AC_SL1500_.jpg,https://www.amazon.com/dp/B0FSJPFDPV/ref=nosim?tag=visitbest07-20,https://www.amazon.com/dp/B0FSJPFDPV,2026-08-18,verified
Roborock Q5 Max+,Roborock Q5 Max+,B0CWQP4Y4R,https://m.media-amazon.com/images/I/61yYis0jtgL._SL1500_.jpg,https://www.amazon.com/dp/B0CWQP4Y4R/ref=nosim?tag=visitbest07-20,https://www.amazon.com/dp/B0CWQP4Y4R,2026-08-18,verified
iRobot Roomba j7+,iRobot Roomba j7+ (7550),B094NYHTMF,https://m.media-amazon.com/images/I/81vbzcrF8UL._AC_SL1500_.jpg,https://www.amazon.com/dp/B094NYHTMF/ref=nosim?tag=visitbest07-20,https://www.amazon.com/dp/B094NYHTMF,2026-08-18,verified
BISSELL Pet Hair Eraser 2390A,BISSELL Pet Hair Eraser 2390A,B07CB6RBSP,https://m.media-amazon.com/images/I/61a8E6BPJxL._AC_SL1500_.jpg,https://www.amazon.com/dp/B07CB6RBSP/ref=nosim?tag=visitbest07-20,https://www.amazon.com/dp/B07CB6RBSP,2026-08-18,verified
BLACK+DECKER AdvancedClean+ HHVK515J00FF,BLACK+DECKER AdvancedClean+ HHVK515J00FF,B07T17TDLR,https://m.media-amazon.com/images/I/61iy357QKoL._AC_SL1500_.jpg,https://www.amazon.com/dp/B07T17TDLR/ref=nosim?tag=visitbest07-20,https://www.amazon.com/dp/B07T17TDLR,2026-08-18,verified
BLACK+DECKER dustbuster HHVI315JO42,BLACK+DECKER dustbuster HHVI315JO42,B01DAI5BZ2,https://m.media-amazon.com/images/I/61p7IVCfJLL._AC_SL1500_.jpg,https://www.amazon.com/dp/B01DAI5BZ2/ref=nosim?tag=visitbest07-20,https://www.amazon.com/dp/B01DAI5BZ2,2026-08-18,verified
Dirt Devil Scorpion Plus,Dirt Devil Scorpion Plus,B0D7QMMD1P,https://m.media-amazon.com/images/I/61se6q1GJTL._AC_SL1500_.jpg,https://www.amazon.com/dp/B0D7QMMD1P/ref=nosim?tag=visitbest07-20,https://www.amazon.com/dp/B0D7QMMD1P,2026-08-18,verified
Ninja Air Fryer AF101 4-Qt,Ninja Air Fryer AF101 4-Qt,B07FDJMC9Q,,https://www.amazon.com/dp/B07FDJMC9Q/ref=nosim?tag=visitbest07-20,https://www.amazon.com/dp/B07FDJMC9Q,2026-08-18,asin-verified — image pending (source via Amazon SiteStripe / PA-API)
Chefman TurboFry Touch 8-Qt,Chefman TurboFry Touch 8-Qt,B08JH8C69P,,https://www.amazon.com/dp/B08JH8C69P/ref=nosim?tag=visitbest07-20,https://www.amazon.com/dp/B08JH8C69P,2026-08-18,asin-verified — image pending (source via Amazon SiteStripe / PA-API)
Vitamix E310 Explorian,Vitamix E310 Explorian,B0758JHZM3,,https://www.amazon.com/dp/B0758JHZM3/ref=nosim?tag=visitbest07-20,https://www.amazon.com/dp/B0758JHZM3,2026-08-18,asin-verified — image pending (source via Amazon SiteStripe / PA-API)
Oster Pro 1200 (Glass Jar + To-Go Cup),Oster Pro 1200 (Glass Jar + To-Go Cup),B00XHXN54K,,https://www.amazon.com/dp/B00XHXN54K/ref=nosim?tag=visitbest07-20,https://www.amazon.com/dp/B00XHXN54K,2026-08-18,asin-verified — image pending (source via Amazon SiteStripe / PA-API)
Breville Mini Smart Oven BOV450XL,Breville Mini Smart Oven BOV450XL,B006CVVA7I,,https://www.amazon.com/dp/B006CVVA7I/ref=nosim?tag=visitbest07-20,https://www.amazon.com/dp/B006CVVA7I,2026-08-18,asin-verified — image pending (source via Amazon SiteStripe / PA-API)
TOSHIBA 13-in-1 Air Fryer Toaster Oven 26.4-Qt,TOSHIBA 13-in-1 Air Fryer Toaster Oven 26.4-Qt,B089ZS7HWZ,,https://www.amazon.com/dp/B089ZS7HWZ/ref=nosim?tag=visitbest07-20,https://www.amazon.com/dp/B089ZS7HWZ,2026-08-18,asin-verified — image pending (source via Amazon SiteStripe / PA-API)
Cuisinart Elemental 8-Cup FP-8SV,Cuisinart Elemental 8-Cup FP-8SV,B00LBZOYAK,,https://www.amazon.com/dp/B00LBZOYAK/ref=nosim?tag=visitbest07-20,https://www.amazon.com/dp/B00LBZOYAK,2026-08-18,asin-verified — image pending (source via Amazon SiteStripe / PA-API)
Braun FP3020 12-Cup,Braun FP3020 12-Cup,B00VF0RYK8,,https://www.amazon.com/dp/B00VF0RYK8/ref=nosim?tag=visitbest07-20,https://www.amazon.com/dp/B00VF0RYK8,2026-08-18,asin-verified — image pending (source via Amazon SiteStripe / PA-API)
Mueller Electric Mini Chopper,Mueller Electric Mini Chopper,B08RLDDBQ3,,https://www.amazon.com/dp/B08RLDDBQ3/ref=nosim?tag=visitbest07-20,https://www.amazon.com/dp/B08RLDDBQ3,2026-08-18,asin-verified — image pending (source via Amazon SiteStripe / PA-API)
Cuisinart Elemental 4-Cup Chopper/Grinder ECH-4SV,Cuisinart Elemental 4-Cup Chopper/Grinder ECH-4SV,B074MQFR55,,https://www.amazon.com/dp/B074MQFR55/ref=nosim?tag=visitbest07-20,https://www.amazon.com/dp/B074MQFR55,2026-08-18,asin-verified — image pending (source via Amazon SiteStripe / PA-API)
Zojirushi NHS-06 3-Cup,Zojirushi NHS-06 3-Cup,B00004S575,,https://www.amazon.com/dp/B00004S575/ref=nosim?tag=visitbest07-20,https://www.amazon.com/dp/B00004S575,2026-08-18,asin-verified — image pending (source via Amazon SiteStripe / PA-API)
CUCKOO CR-0655F 6-Cup Micom,CUCKOO CR-0655F 6-Cup Micom,B01MQWFGKG,,https://www.amazon.com/dp/B01MQWFGKG/ref=nosim?tag=visitbest07-20,https://www.amazon.com/dp/B01MQWFGKG,2026-08-18,asin-verified — image pending (source via Amazon SiteStripe / PA-API)
Bonavita 1.0L Variable Temperature Gooseneck BV382510V,Bonavita 1.0L Variable Temperature Gooseneck BV382510V,B005YR0F40,,https://www.amazon.com/dp/B005YR0F40/ref=nosim?tag=visitbest07-20,https://www.amazon.com/dp/B005YR0F40,2026-08-18,asin-verified — image pending (source via Amazon SiteStripe / PA-API)
Mueller Ultra Kettle 1.8L SpeedBoil,Mueller Ultra Kettle 1.8L SpeedBoil,B07TZ5YHJN,,https://www.amazon.com/dp/B07TZ5YHJN/ref=nosim?tag=visitbest07-20,https://www.amazon.com/dp/B07TZ5YHJN,2026-08-18,asin-verified — image pending (source via Amazon SiteStripe / PA-API)
Bodum Bistro Electric Burr Grinder,Bodum Bistro Electric Burr Grinder,B0043095WW,,https://www.amazon.com/dp/B0043095WW/ref=nosim?tag=visitbest07-20,https://www.amazon.com/dp/B0043095WW,2026-08-18,asin-verified — image pending (source via Amazon SiteStripe / PA-API)
Hamilton Beach Fresh Grind 80335R,Hamilton Beach Fresh Grind 80335R,B005EPRFKO,,https://www.amazon.com/dp/B005EPRFKO/ref=nosim?tag=visitbest07-20,https://www.amazon.com/dp/B005EPRFKO,2026-08-18,asin-verified — image pending (source via Amazon SiteStripe / PA-API)
Presto 03510 Ceramic FlipSide,Presto 03510 Ceramic FlipSide,B000TYBWIG,,https://www.amazon.com/dp/B000TYBWIG/ref=nosim?tag=visitbest07-20,https://www.amazon.com/dp/B000TYBWIG,2026-08-18,asin-verified — image pending (source via Amazon SiteStripe / PA-API)
Chefman Anti-Overflow Belgian Waffle Maker,Chefman Anti-Overflow Belgian Waffle Maker,B08L89G15M,,https://www.amazon.com/dp/B08L89G15M/ref=nosim?tag=visitbest07-20,https://www.amazon.com/dp/B08L89G15M,2026-08-18,asin-verified — image pending (source via Amazon SiteStripe / PA-API)
GermGuardian AC4825E 22-in Tower,GermGuardian AC4825E 22-in Tower,B004VGIGVY,,https://www.amazon.com/dp/B004VGIGVY/ref=nosim?tag=visitbest07-20,https://www.amazon.com/dp/B004VGIGVY,2026-08-18,asin-verified — image pending (source via Amazon SiteStripe / PA-API)
LEVOIT Core 600S-P,LEVOIT Core 600S-P,B09BJMY8HL,,https://www.amazon.com/dp/B09BJMY8HL/ref=nosim?tag=visitbest07-20,https://www.amazon.com/dp/B09BJMY8HL,2026-08-18,asin-verified — image pending (source via Amazon SiteStripe / PA-API)
eufy 11S MAX,eufy 11S MAX,B07R295MLS,,https://www.amazon.com/dp/B07R295MLS/ref=nosim?tag=visitbest07-20,https://www.amazon.com/dp/B07R295MLS,2026-08-18,asin-verified — image pending (source via Amazon SiteStripe / PA-API)
Shark AV2501S AI Ultra (Self-Empty),Shark AV2501S AI Ultra (Self-Empty),B09H8CWFNK,,https://www.amazon.com/dp/B09H8CWFNK/ref=nosim?tag=visitbest07-20,https://www.amazon.com/dp/B09H8CWFNK,2026-08-18,asin-verified — image pending (source via Amazon SiteStripe / PA-API)
ThisWorx TWC-01 Car Vacuum,ThisWorx TWC-01 Car Vacuum,B06ZY896ZM,,https://www.amazon.com/dp/B06ZY896ZM/ref=nosim?tag=visitbest07-20,https://www.amazon.com/dp/B06ZY896ZM,2026-08-18,asin-verified — image pending (source via Amazon SiteStripe / PA-API)
Shark WANDVAC WV201,Shark WANDVAC WV201,B07FX5K4D6,,https://www.amazon.com/dp/B07FX5K4D6/ref=nosim?tag=visitbest07-20,https://www.amazon.com/dp/B07FX5K4D6,2026-08-18,asin-verified — image pending (source via Amazon SiteStripe / PA-API)
