name,category,asin,amazon_url,image_url,price_tier,capacity,score,best_for
COSORI TurboBlaze 6-Qt,air-fryers,B0C33CHG99,https://www.amazon.com/dp/B0C33CHG99/ref=nosim?tag=visitbest07-20,https://m.media-amazon.com/images/I/81R9sA3IyBL._AC_SL1500_.jpg,mid,6 qt,92,Best single-basket all-rounder
Ninja Foodi DZ550 10-Qt DualZone Smart XL,air-fryers,B0B15Q3HCQ,https://www.amazon.com/dp/B0B15Q3HCQ/ref=nosim?tag=visitbest07-20,https://m.media-amazon.com/images/I/61FrvAw250L._AC_SL1500_.jpg,premium,10 qt,94,Best for two-food family dinners
Ninja Foodi DZ401 10-Qt DualZone XL,air-fryers,B096X9LGJ1,https://www.amazon.com/dp/B096X9LGJ1/ref=nosim?tag=visitbest07-20,https://m.media-amazon.com/images/I/61A3ePViuoL._AC_SL1500_.jpg,mid,10 qt,90,Best dual-zone value
Ninja DoubleStack XL SL401,air-fryers,B0CZS6SS3Y,https://www.amazon.com/dp/B0CZS6SS3Y/ref=nosim?tag=visitbest07-20,https://m.media-amazon.com/images/I/61lLbrNYWmL._AC_SL1500_.jpg,premium,10 qt,89,Best narrow-footprint large model
Instant Vortex Plus Dual Basket 8-Qt,air-fryers,B09K6MK5VN,https://www.amazon.com/dp/B09K6MK5VN/ref=nosim?tag=visitbest07-20,https://m.media-amazon.com/images/I/71-OGBn2gIL._AC_SL1500_.jpg,mid,8 qt,87,Best viewing-window dual basket
Ninja Air Fryer Pro AF141,air-fryers,B0CSZ7WBYW,https://www.amazon.com/dp/B0CSZ7WBYW/ref=nosim?tag=visitbest07-20,https://m.media-amazon.com/images/I/71jfzcXideL._AC_SL1500_.jpg,budget,5 qt,86,Best compact mainstream pick
Ninja Professional Plus BN701,blenders,B0855B5Z6F,https://www.amazon.com/dp/B0855B5Z6F/ref=nosim?tag=visitbest07-20,https://m.media-amazon.com/images/I/71RbmccXCUL._AC_SL1500_.jpg,mid,72 oz,93,Best full-size value
Ninja Professional BL610,blenders,B00NGV4506,https://www.amazon.com/dp/B00NGV4506/ref=nosim?tag=visitbest07-20,https://m.media-amazon.com/images/I/61DvtaqAWML._AC_SL1500_.jpg,budget,72 oz,89,Best simple pitcher blender
Ninja UltraCrush Professional Blender,blenders,B0GH8PVFHS,https://www.amazon.com/dp/B0GH8PVFHS/ref=nosim?tag=visitbest07-20,https://m.media-amazon.com/images/I/71GDWC3uKQL._AC_SL1500_.jpg,mid,72 oz,87,Best current Ninja alternative
NutriBullet Pro 900 Special Edition,blenders,B0BZK4TZJ2,https://www.amazon.com/dp/B0BZK4TZJ2/ref=nosim?tag=visitbest07-20,https://m.media-amazon.com/images/I/41J8iw-NxzL._AC_SL1000_.jpg,mid,personal cups,86,Best personal blender
Hamilton Beach Power Elite,blenders,B00EI7DPI0,https://www.amazon.com/dp/B00EI7DPI0/ref=nosim?tag=visitbest07-20,https://m.media-amazon.com/images/I/71k1RTjfAhL._AC_SL1500_.jpg,budget,40 oz,78,Best ultra-budget glass jar
Breville Smart Oven Air Fryer Pro BOV900BSS,toaster-ovens,B01N5UPTZS,https://www.amazon.com/dp/B01N5UPTZS/ref=nosim?tag=visitbest07-20,https://m.media-amazon.com/images/I/51jCxzgxYwL._AC_SX679_.jpg,premium,large oven,94,Best premium countertop oven
Cuisinart TOA-70NAS Air Fryer Toaster Oven,toaster-ovens,B09HSWBTN4,https://www.amazon.com/dp/B09HSWBTN4/ref=nosim?tag=visitbest07-20,https://m.media-amazon.com/images/I/71UIRKGLtYL._AC_SL1500_.jpg,mid,medium-large,89,Best familiar dial controls
Ninja Digital Air Fry Countertop Oven SP101,toaster-ovens,B07SCGY2H6,https://www.amazon.com/dp/B07SCGY2H6/ref=nosim?tag=visitbest07-20,https://m.media-amazon.com/images/I/81iQGSa1M4L._AC_SL1500_.jpg,mid,wide/low,88,Best low-profile oven
BLACK+DECKER Crisp 'N Bake TO3217SS,toaster-ovens,B0B4T992R8,https://www.amazon.com/dp/B0B4T992R8/ref=nosim?tag=visitbest07-20,https://m.media-amazon.com/images/I/61Llb1NzHNL._AC_SL1441_.jpg,budget,compact,80,Best budget combo
Hamilton Beach Sure-Crisp 31403J,toaster-ovens,B08CW95ZFR,https://www.amazon.com/dp/B08CW95ZFR/ref=nosim?tag=visitbest07-20,https://m.media-amazon.com/images/I/81T8shWarRL._AC_SL1500_.jpg,budget,compact-medium,79,Best simple everyday toaster oven
Cuisinart 14-Cup Food Processor DFP-14BCNY,food-processors,B01AXM4WV2,https://www.amazon.com/dp/B01AXM4WV2/ref=nosim?tag=visitbest07-20,https://m.media-amazon.com/images/I/71ktQE8jAhL._AC_SL1500_.jpg,mid,14 cups,94,Best classic full-size processor
Breville Sous Chef 16 BFP810,food-processors,B0CDM1FZBX,https://www.amazon.com/dp/B0CDM1FZBX/ref=nosim?tag=visitbest07-20,https://m.media-amazon.com/images/I/713iRDG+SyL._AC_SL1500_.jpg,premium,16 cups,95,Best premium prep system
Ninja Professional Plus Food Processor BN601 (Renewed),food-processors,B08GCX3BG9,https://www.amazon.com/dp/B08GCX3BG9/ref=nosim?tag=visitbest07-20,https://m.media-amazon.com/images/I/815HeuSgMaL._AC_SL1500_.jpg,mid,9 cups,89,Best modern midrange pick
KitchenAid 13-Cup Food Processor KFP1318,food-processors,B0912L55WG,https://www.amazon.com/dp/B0912L55WG/ref=nosim?tag=visitbest07-20,https://m.media-amazon.com/images/I/71wEHQ6vMPL._AC_SL1500_.jpg,mid,13 cups,88,Best storage-minded design
Hamilton Beach 10-Cup Food Processor 70735,food-processors,B08MB664XB,https://www.amazon.com/dp/B08MB664XB/ref=nosim?tag=visitbest07-20,https://m.media-amazon.com/images/I/71nF7VeVNiL._AC_SL1500_.jpg,budget,10 cups,79,Best budget bowl size
Cuisinart Mini-Prep Plus DLC-2ABC,mini-choppers,B0000645YM,https://www.amazon.com/dp/B0000645YM/ref=nosim?tag=visitbest07-20,https://m.media-amazon.com/images/I/413ur574PHL.jpg,mid,3 cups,91,Best all-round mini chopper
KitchenAid 3.5-Cup Food Chopper KFC3516ER,mini-choppers,B01LZIHVTC,https://www.amazon.com/dp/B01LZIHVTC/ref=nosim?tag=visitbest07-20,https://m.media-amazon.com/images/I/6186h7rqz0L._AC_SL1280_.jpg,mid,3.5 cups,90,Best for dressings and sauces
Ninja Express Chop NJ100GR,mini-choppers,B005GYRXB4,https://www.amazon.com/dp/B005GYRXB4/ref=nosim?tag=visitbest07-20,https://m.media-amazon.com/images/I/41EdUz4ZUaL.jpg,budget,small bowl,86,Best fast pulse chopper
Hamilton Beach Stack & Press 72850,mini-choppers,B06Y2GZWCJ,https://www.amazon.com/dp/B06Y2GZWCJ/ref=nosim?tag=visitbest07-20,https://m.media-amazon.com/images/I/71yhvgRx6HL._AC_SL1500_.jpg,budget,3 cups,82,Best one-button budget pick
BLACK+DECKER 1.5-Cup Chopper HC150B,mini-choppers,B01LYR6VNZ,https://www.amazon.com/dp/B01LYR6VNZ/ref=nosim?tag=visitbest07-20,https://m.media-amazon.com/images/I/815Gfj8hrhL._AC_SL1500_.jpg,budget,1.5 cups,76,Best tiny-space option
Zojirushi NS-ZCC10 Neuro Fuzzy,rice-cookers,B00007J5U7,https://www.amazon.com/dp/B00007J5U7/ref=nosim?tag=visitbest07-20,https://m.media-amazon.com/images/I/31wuPFARpOS.jpg,premium,5.5 cups uncooked,95,Best for rice-first households
Aroma ARC-914SBD,rice-cookers,B007WQ9YNO,https://www.amazon.com/dp/B007WQ9YNO/ref=nosim?tag=visitbest07-20,https://m.media-amazon.com/images/I/41V32cTWxML.jpg,budget,4 cups uncooked,85,Best budget digital cooker
Tiger JAX-T10U-K Micom Rice Cooker,rice-cookers,B00HLSIINU,https://www.amazon.com/dp/B00HLSIINU/ref=nosim?tag=visitbest07-20,https://m.media-amazon.com/images/I/418aVEZ2d6L.jpg,premium,5.5 cups uncooked,91,Best dependable micom alternative
Instant Pot Duo 7-in-1 6-Quart,rice-cookers,B00FLYWNYQ,https://www.amazon.com/dp/B00FLYWNYQ/ref=nosim?tag=visitbest07-20,https://m.media-amazon.com/images/I/71Z401LjFFL._AC_SL1500_.jpg,mid,6 qt,87,Best multifunction alternative
Dash Mini Rice Cooker 2-Cup,rice-cookers,B0FT46M9XR,https://www.amazon.com/dp/B0FT46M9XR/ref=nosim?tag=visitbest07-20,https://m.media-amazon.com/images/I/51j3nbt0jjL._AC_SL1500_.jpg,budget,2 cups cooked class,78,Best dorm-size pick
Fellow Stagg EKG Pro,electric-kettles,B0BF7HJ8MX,https://www.amazon.com/dp/B0BF7HJ8MX/ref=nosim?tag=visitbest07-20,https://m.media-amazon.com/images/I/31utCmJ0tbL.jpg,premium,0.9 L,95,Best pour-over control
Cuisinart PerfecTemp CPK-17P1,electric-kettles,B003KYSLNQ,https://www.amazon.com/dp/B003KYSLNQ/ref=nosim?tag=visitbest07-20,https://m.media-amazon.com/images/I/61CWKqSDbgL._AC_SL1500_.jpg,mid,1.7 L,91,Best tea-friendly all-rounder
COSORI Gooseneck Electric Kettle 0.8L,electric-kettles,B07T1CH2HH,https://www.amazon.com/dp/B07T1CH2HH/ref=nosim?tag=visitbest07-20,https://m.media-amazon.com/images/I/51q9V35H2gL._AC_SL1322_.jpg,mid,0.8 L class,89,Best value gooseneck
OXO Brew Adjustable Temperature Kettle,electric-kettles,B01KTRDKNW,https://www.amazon.com/dp/B01KTRDKNW/ref=nosim?tag=visitbest07-20,https://m.media-amazon.com/images/I/31I-qHoZFtL.jpg,premium,1.75 L class,90,Best large variable-temp option
Hamilton Beach 1.7L Electric Kettle 40880G,electric-kettles,B00UFQ2LJ2,https://www.amazon.com/dp/B00UFQ2LJ2/ref=nosim?tag=visitbest07-20,https://m.media-amazon.com/images/I/71zJShDoPsL._AC_SL1500_.jpg,budget,1.7 L,79,Best budget fast-boil kettle
Baratza Encore ESP ZCG495BLK,coffee-grinders,B0BW272XCV,https://www.amazon.com/dp/B0BW272XCV/ref=nosim?tag=visitbest07-20,https://m.media-amazon.com/images/I/618pZAdKDBL._AC_SL1500_.jpg,premium,hopper,95,Best all-round burr grinder
OXO Brew Conical Burr Coffee Grinder,coffee-grinders,B07CSKGLMM,https://www.amazon.com/dp/B07CSKGLMM/ref=nosim?tag=visitbest07-20,https://m.media-amazon.com/images/I/71DeUg8G7kS._AC_SL1500_.jpg,mid,large hopper,90,Best easy daily grinder
Fellow Ode Gen 2 Brew Grinder,coffee-grinders,B0BLRMCM9Y,https://www.amazon.com/dp/B0BLRMCM9Y/ref=nosim?tag=visitbest07-20,https://m.media-amazon.com/images/I/71trJPFvsqL._AC_SL1500_.jpg,premium,single-dose,93,Best filter-focused premium pick
Cuisinart DBM-8P1 Supreme Grind Burr Grinder,coffee-grinders,B00018RRRK,https://www.amazon.com/dp/B00018RRRK/ref=nosim?tag=visitbest07-20,https://m.media-amazon.com/images/I/71fU7hDEbhL._AC_SL1500_.jpg,budget,large hopper,80,Best familiar budget burr grinder
KRUPS Precision Electric Coffee Grinder,coffee-grinders,B00004SPEU,https://www.amazon.com/dp/B00004SPEU/ref=nosim?tag=visitbest07-20,https://m.media-amazon.com/images/I/61z4ihlNwcL._AC_SL1500_.jpg,budget,small,70,Best low-cost spice/coffee crossover
Cuisinart WAF-F30NAS Flip Belgian Waffle Maker,waffle-makers,B0F5YKHMSW,https://www.amazon.com/dp/B0F5YKHMSW/ref=nosim?tag=visitbest07-20,https://m.media-amazon.com/images/I/41CaCNHpLFL.jpg,mid,1 large Belgian waffle,91,Best classic Belgian flip model
Breville Smart Waffle Pro 2 Slice BWM620XL,waffle-makers,B00F5C1Q5Q,https://www.amazon.com/dp/B00F5C1Q5Q/ref=nosim?tag=visitbest07-20,https://m.media-amazon.com/images/I/41v7tbAyCJL.jpg,premium,multi-waffle,95,Best premium consistency
Dash Mini Waffle Maker 4-Inch,waffle-makers,B01NAM6F2J,https://www.amazon.com/dp/B01NAM6F2J/ref=nosim?tag=visitbest07-20,https://m.media-amazon.com/images/I/41mq26u3iSL.jpg,budget,mini,82,Best tiny-kitchen pick
KRUPS 4-Slice Belgian Waffle Maker,waffle-makers,B01FYIAQA6,https://www.amazon.com/dp/B01FYIAQA6/ref=nosim?tag=visitbest07-20,https://m.media-amazon.com/images/I/51LjHkbLVyL.jpg,mid,4 square waffles,88,Best family batch shape
Hamilton Beach Flip Belgian Waffle Maker 26030,waffle-makers,B007AHLIZC,https://www.amazon.com/dp/B007AHLIZC/ref=nosim?tag=visitbest07-20,https://m.media-amazon.com/images/I/41FI5E1SHKL.jpg,budget,1 Belgian waffle,84,Best budget flip model
LEVOIT Core 400S-P,air-purifiers,B08R794ZMX,https://www.amazon.com/dp/B08R794ZMX/ref=nosim?tag=visitbest07-20,https://m.media-amazon.com/images/I/71twSqT5ZYL._AC_SL1500_.jpg,mid,medium-large rooms,94,Best balanced smart purifier
Blueair Blue Pure 211i Max,air-purifiers,B0BN2MGV5H,https://www.amazon.com/dp/B0BN2MGV5H/ref=nosim?tag=visitbest07-20,https://m.media-amazon.com/images/I/31K9NLoXncL.jpg,premium,large rooms,93,Best for large-room airflow
LEVOIT Core 300-P,air-purifiers,B07VVK39F7,https://www.amazon.com/dp/B07VVK39F7/ref=nosim?tag=visitbest07-20,https://m.media-amazon.com/images/I/71t-9BTIg9L._AC_SL1500_.jpg,budget,bedroom-medium,89,Best bedroom value
Coway Airmega AP-1512HH(W) Mighty,air-purifiers,B01728NLRG,https://www.amazon.com/dp/B01728NLRG/ref=nosim?tag=visitbest07-20,https://m.media-amazon.com/images/I/61Cgh4ol4oL._AC_SL1500_.jpg,mid,medium rooms,92,Best proven medium-room workhorse
Winix 5500-2,air-purifiers,B01D8DAYII,https://www.amazon.com/dp/B01D8DAYII/ref=nosim?tag=visitbest07-20,https://m.media-amazon.com/images/I/61UqpOlddiL._AC_SL1500_.jpg,mid,medium-large,91,Best odor-control value
Roborock Saros 10R,robot-vacuums,B0DHCJ571Z,https://www.amazon.com/dp/B0DHCJ571Z/ref=nosim?tag=visitbest07-20,https://m.media-amazon.com/images/I/619xjRMbkSL._AC_SL1500_.jpg,premium,full dock,96,Best flagship automation
ECOVACS DEEBOT T80S OMNI,robot-vacuums,B0GHY7VT3Y,https://www.amazon.com/dp/B0GHY7VT3Y/ref=nosim?tag=visitbest07-20,https://m.media-amazon.com/images/I/61QqsFnb0lL._AC_SL1500_.jpg,premium,full dock,94,Best feature-rich dock alternative
Dreame L40 Ultra Gen 2,robot-vacuums,B0FSJPFDPV,https://www.amazon.com/dp/B0FSJPFDPV/ref=nosim?tag=visitbest07-20,https://m.media-amazon.com/images/I/61hMADKz9DL._AC_SL1500_.jpg,premium,full dock,93,Best heavy-shedder alternative
Roborock Q5 Max+,robot-vacuums,B0CWQP4Y4R,https://www.amazon.com/dp/B0CWQP4Y4R/ref=nosim?tag=visitbest07-20,https://m.media-amazon.com/images/I/61yYis0jtgL._SL1500_.jpg,mid,self-empty dock,89,Best simpler self-empty value
iRobot Roomba j7+ (7550),robot-vacuums,B094NYHTMF,https://www.amazon.com/dp/B094NYHTMF/ref=nosim?tag=visitbest07-20,https://m.media-amazon.com/images/I/81vbzcrF8UL._AC_SL1500_.jpg,mid,self-empty dock,87,Best familiar obstacle-aware Roomba
Shark UltraCyclone Pet Pro Plus CH951,handheld-vacuums,B08559H8W2,https://www.amazon.com/dp/B08559H8W2/ref=nosim?tag=visitbest07-20,https://m.media-amazon.com/images/I/71RZ0xA0fmL._AC_SL1500_.jpg,mid,0.5 qt class,94,Best all-round handheld
BISSELL Pet Hair Eraser 2390A,handheld-vacuums,B07CB6RBSP,https://www.amazon.com/dp/B07CB6RBSP/ref=nosim?tag=visitbest07-20,https://m.media-amazon.com/images/I/61a8E6BPJxL._AC_SL1500_.jpg,mid,handheld,91,Best pet-hair specialist
BLACK+DECKER AdvancedClean+ HHVK515J00FF,handheld-vacuums,B07T17TDLR,https://www.amazon.com/dp/B07T17TDLR/ref=nosim?tag=visitbest07-20,https://m.media-amazon.com/images/I/61iy357QKoL._AC_SL1500_.jpg,mid,large handheld bin,88,Best reach and dust-bin capacity
BLACK+DECKER dustbuster HHVI315JO42,handheld-vacuums,B01DAI5BZ2,https://www.amazon.com/dp/B01DAI5BZ2/ref=nosim?tag=visitbest07-20,https://m.media-amazon.com/images/I/61p7IVCfJLL._AC_SL1500_.jpg,budget,handheld,82,Best simple budget dustbuster
Dirt Devil Scorpion Plus,handheld-vacuums,B0D7QMMD1P,https://www.amazon.com/dp/B0D7QMMD1P/ref=nosim?tag=visitbest07-20,https://m.media-amazon.com/images/I/61se6q1GJTL._AC_SL1500_.jpg,budget,handheld,78,Best corded unlimited-runtime option
Ninja Air Fryer AF101 4-Qt,air-fryers,B07FDJMC9Q,https://www.amazon.com/dp/B07FDJMC9Q/ref=nosim?tag=visitbest07-20,(category artwork fallback — attach via SiteStripe/PA-API),budget,4 qt,88,Best compact starter air fryer
Chefman TurboFry Touch 8-Qt,air-fryers,B08JH8C69P,https://www.amazon.com/dp/B08JH8C69P/ref=nosim?tag=visitbest07-20,(category artwork fallback — attach via SiteStripe/PA-API),mid,8 qt,86,Best big-window family basket
Vitamix E310 Explorian,blenders,B0758JHZM3,https://www.amazon.com/dp/B0758JHZM3/ref=nosim?tag=visitbest07-20,(category artwork fallback — attach via SiteStripe/PA-API),premium,48 oz,95,Best long-haul performance blender
Oster Pro 1200 (Glass Jar + To-Go Cup),blenders,B00XHXN54K,https://www.amazon.com/dp/B00XHXN54K/ref=nosim?tag=visitbest07-20,(category artwork fallback — attach via SiteStripe/PA-API),budget,6-cup glass jar,84,Best budget glass-jar all-rounder
Breville Mini Smart Oven BOV450XL,toaster-ovens,B006CVVA7I,https://www.amazon.com/dp/B006CVVA7I/ref=nosim?tag=visitbest07-20,(category artwork fallback — attach via SiteStripe/PA-API),mid,4-slice / 11-in pizza,89,Best small-footprint smart oven
TOSHIBA 13-in-1 Air Fryer Toaster Oven 26.4-Qt,toaster-ovens,B089ZS7HWZ,https://www.amazon.com/dp/B089ZS7HWZ/ref=nosim?tag=visitbest07-20,(category artwork fallback — attach via SiteStripe/PA-API),mid,26.4 qt / 6-slice,87,Best mode-rich family combo oven
Cuisinart Elemental 8-Cup FP-8SV,food-processors,B00LBZOYAK,https://www.amazon.com/dp/B00LBZOYAK/ref=nosim?tag=visitbest07-20,(category artwork fallback — attach via SiteStripe/PA-API),budget,8 cups,84,Best right-sized everyday processor
Braun FP3020 12-Cup,food-processors,B00VF0RYK8,https://www.amazon.com/dp/B00VF0RYK8/ref=nosim?tag=visitbest07-20,(category artwork fallback — attach via SiteStripe/PA-API),mid,12 cups,88,Best quiet high-capacity prep station
Mueller Electric Mini Chopper,mini-choppers,B08RLDDBQ3,https://www.amazon.com/dp/B08RLDDBQ3/ref=nosim?tag=visitbest07-20,(category artwork fallback — attach via SiteStripe/PA-API),budget,2 cups,82,Best press-to-chop bargain
Cuisinart Elemental 4-Cup Chopper/Grinder ECH-4SV,mini-choppers,B074MQFR55,https://www.amazon.com/dp/B074MQFR55/ref=nosim?tag=visitbest07-20,(category artwork fallback — attach via SiteStripe/PA-API),mid,4 cups,87,Best chop-and-grind step-up
Zojirushi NHS-06 3-Cup,rice-cookers,B00004S575,https://www.amazon.com/dp/B00004S575/ref=nosim?tag=visitbest07-20,(category artwork fallback — attach via SiteStripe/PA-API),budget,3 cups uncooked,85,Best simple small-batch cooker
CUCKOO CR-0655F 6-Cup Micom,rice-cookers,B01MQWFGKG,https://www.amazon.com/dp/B01MQWFGKG/ref=nosim?tag=visitbest07-20,(category artwork fallback — attach via SiteStripe/PA-API),mid,6 cups uncooked,89,Best mid-range fuzzy-logic upgrade
Bonavita 1.0L Variable Temperature Gooseneck BV382510V,electric-kettles,B005YR0F40,https://www.amazon.com/dp/B005YR0F40/ref=nosim?tag=visitbest07-20,(category artwork fallback — attach via SiteStripe/PA-API),mid,1.0 L,90,Best pour-over workhorse kettle
Mueller Ultra Kettle 1.8L SpeedBoil,electric-kettles,B07TZ5YHJN,https://www.amazon.com/dp/B07TZ5YHJN/ref=nosim?tag=visitbest07-20,(category artwork fallback — attach via SiteStripe/PA-API),budget,1.8 L,83,Best high-volume budget boiler
Bodum Bistro Electric Burr Grinder,coffee-grinders,B0043095WW,https://www.amazon.com/dp/B0043095WW/ref=nosim?tag=visitbest07-20,(category artwork fallback — attach via SiteStripe/PA-API),mid,7.75-oz hopper,85,Best colorful entry burr grinder
Hamilton Beach Fresh Grind 80335R,coffee-grinders,B005EPRFKO,https://www.amazon.com/dp/B005EPRFKO/ref=nosim?tag=visitbest07-20,(category artwork fallback — attach via SiteStripe/PA-API),budget,4.5-oz bowl,78,Best utility blade grinder
Presto 03510 Ceramic FlipSide,waffle-makers,B000TYBWIG,https://www.amazon.com/dp/B000TYBWIG/ref=nosim?tag=visitbest07-20,(category artwork fallback — attach via SiteStripe/PA-API),mid,"7-in Belgian, 4 sections",89,Best flip-style thick Belgian maker
Chefman Anti-Overflow Belgian Waffle Maker,waffle-makers,B08L89G15M,https://www.amazon.com/dp/B08L89G15M/ref=nosim?tag=visitbest07-20,(category artwork fallback — attach via SiteStripe/PA-API),budget,7-in round,83,Best mess-proof budget round
GermGuardian AC4825E 22-in Tower,air-purifiers,B004VGIGVY,https://www.amazon.com/dp/B004VGIGVY/ref=nosim?tag=visitbest07-20,(category artwork fallback — attach via SiteStripe/PA-API),budget,Medium rooms,84,Best long-trusted budget tower
LEVOIT Core 600S-P,air-purifiers,B09BJMY8HL,https://www.amazon.com/dp/B09BJMY8HL/ref=nosim?tag=visitbest07-20,(category artwork fallback — attach via SiteStripe/PA-API),premium,Extra-large rooms,93,Best whole-space smart purifier
eufy 11S MAX,robot-vacuums,B07R295MLS,https://www.amazon.com/dp/B07R295MLS/ref=nosim?tag=visitbest07-20,(category artwork fallback — attach via SiteStripe/PA-API),budget,2.85-in slim body,83,Best no-app slim budget robot
Shark AV2501S AI Ultra (Self-Empty),robot-vacuums,B09H8CWFNK,https://www.amazon.com/dp/B09H8CWFNK/ref=nosim?tag=visitbest07-20,(category artwork fallback — attach via SiteStripe/PA-API),mid,30-day HEPA self-empty base,90,Best self-empty value with real mapping
ThisWorx TWC-01 Car Vacuum,handheld-vacuums,B06ZY896ZM,https://www.amazon.com/dp/B06ZY896ZM/ref=nosim?tag=visitbest07-20,(category artwork fallback — attach via SiteStripe/PA-API),budget,"12V corded, 16-ft cord",81,Best in-car corded cleaner
Shark WANDVAC WV201,handheld-vacuums,B07FX5K4D6,https://www.amazon.com/dp/B07FX5K4D6/ref=nosim?tag=visitbest07-20,(category artwork fallback — attach via SiteStripe/PA-API),mid,"1.4 lb, one-touch empty",86,Best featherweight countertop-dock handheld
