pageId,pageTitle,pageSlug,pageType,slotId,slotLabel,productName,asin,imageUrl,imageWidth,imageHeight,imageAlt,imageSource,checkedAt,notes
AF-PIL,Best Air Fryers for Every Kitchen and Budget,best-air-fryers,Commercial Pillar,best-overall,Best overall,,,,,,,Creators API or SiteStripe,,
AF-PIL,Best Air Fryers for Every Kitchen and Budget,best-air-fryers,Commercial Pillar,best-value,Best value,,,,,,,Creators API or SiteStripe,,
AF-PIL,Best Air Fryers for Every Kitchen and Budget,best-air-fryers,Commercial Pillar,best-premium,Best premium,,,,,,,Creators API or SiteStripe,,
AF-PIL,Best Air Fryers for Every Kitchen and Budget,best-air-fryers,Commercial Pillar,alternative-1,Alternative 1,,,,,,,Creators API or SiteStripe,,
AF-PIL,Best Air Fryers for Every Kitchen and Budget,best-air-fryers,Commercial Pillar,alternative-2,Alternative 2,,,,,,,Creators API or SiteStripe,,
BL-PIL,"Best Blenders for Smoothies, Ice and Everyday Use",best-blenders,Commercial Pillar,best-overall,Best overall,,,,,,,Creators API or SiteStripe,,
BL-PIL,"Best Blenders for Smoothies, Ice and Everyday Use",best-blenders,Commercial Pillar,best-value,Best value,,,,,,,Creators API or SiteStripe,,
BL-PIL,"Best Blenders for Smoothies, Ice and Everyday Use",best-blenders,Commercial Pillar,best-premium,Best premium,,,,,,,Creators API or SiteStripe,,
BL-PIL,"Best Blenders for Smoothies, Ice and Everyday Use",best-blenders,Commercial Pillar,alternative-1,Alternative 1,,,,,,,Creators API or SiteStripe,,
BL-PIL,"Best Blenders for Smoothies, Ice and Everyday Use",best-blenders,Commercial Pillar,alternative-2,Alternative 2,,,,,,,Creators API or SiteStripe,,
AF-R01,Best Air Fryers Under $100,best-air-fryer-under-100,Roundup,best-overall,Best overall,,,,,,,Creators API or SiteStripe,,
AF-R01,Best Air Fryers Under $100,best-air-fryer-under-100,Roundup,best-value,Best value,,,,,,,Creators API or SiteStripe,,
AF-R01,Best Air Fryers Under $100,best-air-fryer-under-100,Roundup,best-premium,Best premium,,,,,,,Creators API or SiteStripe,,
AF-R01,Best Air Fryers Under $100,best-air-fryer-under-100,Roundup,alternative-1,Alternative 1,,,,,,,Creators API or SiteStripe,,
AF-R01,Best Air Fryers Under $100,best-air-fryer-under-100,Roundup,alternative-2,Alternative 2,,,,,,,Creators API or SiteStripe,,
AF-R02,Best Air Fryers Under $150,best-air-fryer-under-150,Roundup,best-overall,Best overall,,,,,,,Creators API or SiteStripe,,
AF-R02,Best Air Fryers Under $150,best-air-fryer-under-150,Roundup,best-value,Best value,,,,,,,Creators API or SiteStripe,,
AF-R02,Best Air Fryers Under $150,best-air-fryer-under-150,Roundup,best-premium,Best premium,,,,,,,Creators API or SiteStripe,,
AF-R02,Best Air Fryers Under $150,best-air-fryer-under-150,Roundup,alternative-1,Alternative 1,,,,,,,Creators API or SiteStripe,,
AF-R02,Best Air Fryers Under $150,best-air-fryer-under-150,Roundup,alternative-2,Alternative 2,,,,,,,Creators API or SiteStripe,,
AF-R03,Best Air Fryer for One Person,best-air-fryer-for-one-person,Roundup,best-overall,Best overall,,,,,,,Creators API or SiteStripe,,
AF-R03,Best Air Fryer for One Person,best-air-fryer-for-one-person,Roundup,best-value,Best value,,,,,,,Creators API or SiteStripe,,
AF-R03,Best Air Fryer for One Person,best-air-fryer-for-one-person,Roundup,best-premium,Best premium,,,,,,,Creators API or SiteStripe,,
AF-R03,Best Air Fryer for One Person,best-air-fryer-for-one-person,Roundup,alternative-1,Alternative 1,,,,,,,Creators API or SiteStripe,,
AF-R03,Best Air Fryer for One Person,best-air-fryer-for-one-person,Roundup,alternative-2,Alternative 2,,,,,,,Creators API or SiteStripe,,
AF-R04,Best Air Fryer for 2 People,best-air-fryer-for-2-people,Roundup,best-overall,Best overall,,,,,,,Creators API or SiteStripe,,
AF-R04,Best Air Fryer for 2 People,best-air-fryer-for-2-people,Roundup,best-value,Best value,,,,,,,Creators API or SiteStripe,,
AF-R04,Best Air Fryer for 2 People,best-air-fryer-for-2-people,Roundup,best-premium,Best premium,,,,,,,Creators API or SiteStripe,,
AF-R04,Best Air Fryer for 2 People,best-air-fryer-for-2-people,Roundup,alternative-1,Alternative 1,,,,,,,Creators API or SiteStripe,,
AF-R04,Best Air Fryer for 2 People,best-air-fryer-for-2-people,Roundup,alternative-2,Alternative 2,,,,,,,Creators API or SiteStripe,,
AF-R05,Best Air Fryer for a Family of 4,best-air-fryer-for-family-of-4,Roundup,best-overall,Best overall,,,,,,,Creators API or SiteStripe,,
AF-R05,Best Air Fryer for a Family of 4,best-air-fryer-for-family-of-4,Roundup,best-value,Best value,,,,,,,Creators API or SiteStripe,,
AF-R05,Best Air Fryer for a Family of 4,best-air-fryer-for-family-of-4,Roundup,best-premium,Best premium,,,,,,,Creators API or SiteStripe,,
AF-R05,Best Air Fryer for a Family of 4,best-air-fryer-for-family-of-4,Roundup,alternative-1,Alternative 1,,,,,,,Creators API or SiteStripe,,
AF-R05,Best Air Fryer for a Family of 4,best-air-fryer-for-family-of-4,Roundup,alternative-2,Alternative 2,,,,,,,Creators API or SiteStripe,,
AF-R06,Best Large Air Fryers for Big Families,best-large-air-fryer-for-family,Roundup,best-overall,Best overall,,,,,,,Creators API or SiteStripe,,
AF-R06,Best Large Air Fryers for Big Families,best-large-air-fryer-for-family,Roundup,best-value,Best value,,,,,,,Creators API or SiteStripe,,
AF-R06,Best Large Air Fryers for Big Families,best-large-air-fryer-for-family,Roundup,best-premium,Best premium,,,,,,,Creators API or SiteStripe,,
AF-R06,Best Large Air Fryers for Big Families,best-large-air-fryer-for-family,Roundup,alternative-1,Alternative 1,,,,,,,Creators API or SiteStripe,,
AF-R06,Best Large Air Fryers for Big Families,best-large-air-fryer-for-family,Roundup,alternative-2,Alternative 2,,,,,,,Creators API or SiteStripe,,
AF-R07,Best Compact Air Fryers for Small Kitchens,best-compact-air-fryer,Roundup,best-overall,Best overall,,,,,,,Creators API or SiteStripe,,
AF-R07,Best Compact Air Fryers for Small Kitchens,best-compact-air-fryer,Roundup,best-value,Best value,,,,,,,Creators API or SiteStripe,,
AF-R07,Best Compact Air Fryers for Small Kitchens,best-compact-air-fryer,Roundup,best-premium,Best premium,,,,,,,Creators API or SiteStripe,,
AF-R07,Best Compact Air Fryers for Small Kitchens,best-compact-air-fryer,Roundup,alternative-1,Alternative 1,,,,,,,Creators API or SiteStripe,,
AF-R07,Best Compact Air Fryers for Small Kitchens,best-compact-air-fryer,Roundup,alternative-2,Alternative 2,,,,,,,Creators API or SiteStripe,,
AF-R11,Best Dual-Basket Air Fryers,best-dual-basket-air-fryer,Roundup,best-overall,Best overall,,,,,,,Creators API or SiteStripe,,
AF-R11,Best Dual-Basket Air Fryers,best-dual-basket-air-fryer,Roundup,best-value,Best value,,,,,,,Creators API or SiteStripe,,
AF-R11,Best Dual-Basket Air Fryers,best-dual-basket-air-fryer,Roundup,best-premium,Best premium,,,,,,,Creators API or SiteStripe,,
AF-R11,Best Dual-Basket Air Fryers,best-dual-basket-air-fryer,Roundup,alternative-1,Alternative 1,,,,,,,Creators API or SiteStripe,,
AF-R11,Best Dual-Basket Air Fryers,best-dual-basket-air-fryer,Roundup,alternative-2,Alternative 2,,,,,,,Creators API or SiteStripe,,
AF-R12,Best Air Fryer Toaster Oven Combos,best-air-fryer-toaster-oven-combo,Roundup,best-overall,Best overall,,,,,,,Creators API or SiteStripe,,
AF-R12,Best Air Fryer Toaster Oven Combos,best-air-fryer-toaster-oven-combo,Roundup,best-value,Best value,,,,,,,Creators API or SiteStripe,,
AF-R12,Best Air Fryer Toaster Oven Combos,best-air-fryer-toaster-oven-combo,Roundup,best-premium,Best premium,,,,,,,Creators API or SiteStripe,,
AF-R12,Best Air Fryer Toaster Oven Combos,best-air-fryer-toaster-oven-combo,Roundup,alternative-1,Alternative 1,,,,,,,Creators API or SiteStripe,,
AF-R12,Best Air Fryer Toaster Oven Combos,best-air-fryer-toaster-oven-combo,Roundup,alternative-2,Alternative 2,,,,,,,Creators API or SiteStripe,,
BL-R01,Best Blenders Under $100,best-blender-under-100,Roundup,best-overall,Best overall,,,,,,,Creators API or SiteStripe,,
BL-R01,Best Blenders Under $100,best-blender-under-100,Roundup,best-value,Best value,,,,,,,Creators API or SiteStripe,,
BL-R01,Best Blenders Under $100,best-blender-under-100,Roundup,best-premium,Best premium,,,,,,,Creators API or SiteStripe,,
BL-R01,Best Blenders Under $100,best-blender-under-100,Roundup,alternative-1,Alternative 1,,,,,,,Creators API or SiteStripe,,
BL-R01,Best Blenders Under $100,best-blender-under-100,Roundup,alternative-2,Alternative 2,,,,,,,Creators API or SiteStripe,,
BL-R03,Best Personal Blenders,best-personal-blender,Roundup,best-overall,Best overall,,,,,,,Creators API or SiteStripe,,
BL-R03,Best Personal Blenders,best-personal-blender,Roundup,best-value,Best value,,,,,,,Creators API or SiteStripe,,
BL-R03,Best Personal Blenders,best-personal-blender,Roundup,best-premium,Best premium,,,,,,,Creators API or SiteStripe,,
BL-R03,Best Personal Blenders,best-personal-blender,Roundup,alternative-1,Alternative 1,,,,,,,Creators API or SiteStripe,,
BL-R03,Best Personal Blenders,best-personal-blender,Roundup,alternative-2,Alternative 2,,,,,,,Creators API or SiteStripe,,
BL-R04,Best Blenders for Smoothies,best-blender-for-smoothies,Roundup,best-overall,Best overall,,,,,,,Creators API or SiteStripe,,
BL-R04,Best Blenders for Smoothies,best-blender-for-smoothies,Roundup,best-value,Best value,,,,,,,Creators API or SiteStripe,,
BL-R04,Best Blenders for Smoothies,best-blender-for-smoothies,Roundup,best-premium,Best premium,,,,,,,Creators API or SiteStripe,,
BL-R04,Best Blenders for Smoothies,best-blender-for-smoothies,Roundup,alternative-1,Alternative 1,,,,,,,Creators API or SiteStripe,,
BL-R04,Best Blenders for Smoothies,best-blender-for-smoothies,Roundup,alternative-2,Alternative 2,,,,,,,Creators API or SiteStripe,,
BL-R05,Best Blenders for Frozen Fruit,best-blender-for-frozen-fruit,Roundup,best-overall,Best overall,,,,,,,Creators API or SiteStripe,,
BL-R05,Best Blenders for Frozen Fruit,best-blender-for-frozen-fruit,Roundup,best-value,Best value,,,,,,,Creators API or SiteStripe,,
BL-R05,Best Blenders for Frozen Fruit,best-blender-for-frozen-fruit,Roundup,best-premium,Best premium,,,,,,,Creators API or SiteStripe,,
BL-R05,Best Blenders for Frozen Fruit,best-blender-for-frozen-fruit,Roundup,alternative-1,Alternative 1,,,,,,,Creators API or SiteStripe,,
BL-R05,Best Blenders for Frozen Fruit,best-blender-for-frozen-fruit,Roundup,alternative-2,Alternative 2,,,,,,,Creators API or SiteStripe,,
BL-R06,Best Blenders for Crushing Ice,best-blender-for-crushing-ice,Roundup,best-overall,Best overall,,,,,,,Creators API or SiteStripe,,
BL-R06,Best Blenders for Crushing Ice,best-blender-for-crushing-ice,Roundup,best-value,Best value,,,,,,,Creators API or SiteStripe,,
BL-R06,Best Blenders for Crushing Ice,best-blender-for-crushing-ice,Roundup,best-premium,Best premium,,,,,,,Creators API or SiteStripe,,
BL-R06,Best Blenders for Crushing Ice,best-blender-for-crushing-ice,Roundup,alternative-1,Alternative 1,,,,,,,Creators API or SiteStripe,,
BL-R06,Best Blenders for Crushing Ice,best-blender-for-crushing-ice,Roundup,alternative-2,Alternative 2,,,,,,,Creators API or SiteStripe,,
AF-C01,Ninja vs Cosori Air Fryer,ninja-vs-cosori-air-fryer,Comparison,option-a,Comparison option A,Ninja,,,,,Ninja,Creators API or SiteStripe,,
AF-C01,Ninja vs Cosori Air Fryer,ninja-vs-cosori-air-fryer,Comparison,option-b,Comparison option B,Cosori Air Fryer,,,,,Cosori Air Fryer,Creators API or SiteStripe,,
AF-C03,Basket Air Fryer vs Oven Air Fryer,basket-air-fryer-vs-oven-air-fryer,Comparison,option-a,Comparison option A,Basket Air Fryer,,,,,Basket Air Fryer,Creators API or SiteStripe,,
AF-C03,Basket Air Fryer vs Oven Air Fryer,basket-air-fryer-vs-oven-air-fryer,Comparison,option-b,Comparison option B,Oven Air Fryer,,,,,Oven Air Fryer,Creators API or SiteStripe,,
BL-C01,Vitamix vs Ninja Blender,vitamix-vs-ninja-blender,Comparison,option-a,Comparison option A,Vitamix,,,,,Vitamix,Creators API or SiteStripe,,
BL-C01,Vitamix vs Ninja Blender,vitamix-vs-ninja-blender,Comparison,option-b,Comparison option B,Ninja Blender,,,,,Ninja Blender,Creators API or SiteStripe,,
BL-C02,Ninja vs NutriBullet Blender,ninja-vs-nutribullet,Comparison,option-a,Comparison option A,Ninja,,,,,Ninja,Creators API or SiteStripe,,
BL-C02,Ninja vs NutriBullet Blender,ninja-vs-nutribullet,Comparison,option-b,Comparison option B,NutriBullet Blender,,,,,NutriBullet Blender,Creators API or SiteStripe,,
BL-C06,Blender vs Food Processor,blender-vs-food-processor,Comparison,option-a,Comparison option A,Blender,,,,,Blender,Creators API or SiteStripe,,
BL-C06,Blender vs Food Processor,blender-vs-food-processor,Comparison,option-b,Comparison option B,Food Processor,,,,,Food Processor,Creators API or SiteStripe,,
AF-V01,Ninja Air Fryer Pro Review,ninja-air-fryer-pro-review,Single Review,primary,Primary reviewed product,Ninja Air Fryer Pro,,,,,Ninja Air Fryer Pro,Creators API or SiteStripe,,
AF-V02,Cosori TurboBlaze Air Fryer Review,cosori-turboblaze-air-fryer-review,Single Review,primary,Primary reviewed product,Cosori TurboBlaze Air Fryer,,,,,Cosori TurboBlaze Air Fryer,Creators API or SiteStripe,,
BL-V01,Ninja Detect Power Blender Pro Review,ninja-detect-power-blender-pro-review,Single Review,primary,Primary reviewed product,Ninja Detect Power Blender Pro,,,,,Ninja Detect Power Blender Pro,Creators API or SiteStripe,,
BL-V02,NutriBullet Pro 900 Review,nutribullet-pro-900-review,Single Review,primary,Primary reviewed product,NutriBullet Pro 900,,,,,NutriBullet Pro 900,Creators API or SiteStripe,,
EK-PIL,"Best Electric Kettles for Tea, Coffee and Fast Boiling",best-electric-kettles,Commercial Pillar,best-overall,Best overall,,,,,,,Creators API or SiteStripe,,
EK-PIL,"Best Electric Kettles for Tea, Coffee and Fast Boiling",best-electric-kettles,Commercial Pillar,best-value,Best value,,,,,,,Creators API or SiteStripe,,
EK-PIL,"Best Electric Kettles for Tea, Coffee and Fast Boiling",best-electric-kettles,Commercial Pillar,best-premium,Best premium,,,,,,,Creators API or SiteStripe,,
EK-PIL,"Best Electric Kettles for Tea, Coffee and Fast Boiling",best-electric-kettles,Commercial Pillar,alternative-1,Alternative 1,,,,,,,Creators API or SiteStripe,,
EK-PIL,"Best Electric Kettles for Tea, Coffee and Fast Boiling",best-electric-kettles,Commercial Pillar,alternative-2,Alternative 2,,,,,,,Creators API or SiteStripe,,
TO-PIL,"Best Toaster Ovens for Toast, Baking and Everyday Meals",best-toaster-ovens,Commercial Pillar,best-overall,Best overall,,,,,,,Creators API or SiteStripe,,
TO-PIL,"Best Toaster Ovens for Toast, Baking and Everyday Meals",best-toaster-ovens,Commercial Pillar,best-value,Best value,,,,,,,Creators API or SiteStripe,,
TO-PIL,"Best Toaster Ovens for Toast, Baking and Everyday Meals",best-toaster-ovens,Commercial Pillar,best-premium,Best premium,,,,,,,Creators API or SiteStripe,,
TO-PIL,"Best Toaster Ovens for Toast, Baking and Everyday Meals",best-toaster-ovens,Commercial Pillar,alternative-1,Alternative 1,,,,,,,Creators API or SiteStripe,,
TO-PIL,"Best Toaster Ovens for Toast, Baking and Everyday Meals",best-toaster-ovens,Commercial Pillar,alternative-2,Alternative 2,,,,,,,Creators API or SiteStripe,,
AF-R08,Best Air Fryers for Apartments,best-air-fryer-for-apartment,Roundup,best-overall,Best overall,,,,,,,Creators API or SiteStripe,,
AF-R08,Best Air Fryers for Apartments,best-air-fryer-for-apartment,Roundup,best-value,Best value,,,,,,,Creators API or SiteStripe,,
AF-R08,Best Air Fryers for Apartments,best-air-fryer-for-apartment,Roundup,best-premium,Best premium,,,,,,,Creators API or SiteStripe,,
AF-R08,Best Air Fryers for Apartments,best-air-fryer-for-apartment,Roundup,alternative-1,Alternative 1,,,,,,,Creators API or SiteStripe,,
AF-R08,Best Air Fryers for Apartments,best-air-fryer-for-apartment,Roundup,alternative-2,Alternative 2,,,,,,,Creators API or SiteStripe,,
AF-R09,Best Air Fryers for Beginners,best-air-fryer-for-beginners,Roundup,best-overall,Best overall,,,,,,,Creators API or SiteStripe,,
AF-R09,Best Air Fryers for Beginners,best-air-fryer-for-beginners,Roundup,best-value,Best value,,,,,,,Creators API or SiteStripe,,
AF-R09,Best Air Fryers for Beginners,best-air-fryer-for-beginners,Roundup,best-premium,Best premium,,,,,,,Creators API or SiteStripe,,
AF-R09,Best Air Fryers for Beginners,best-air-fryer-for-beginners,Roundup,alternative-1,Alternative 1,,,,,,,Creators API or SiteStripe,,
AF-R09,Best Air Fryers for Beginners,best-air-fryer-for-beginners,Roundup,alternative-2,Alternative 2,,,,,,,Creators API or SiteStripe,,
AF-R10,Best Air Fryers for Seniors,best-air-fryer-for-seniors,Roundup,best-overall,Best overall,,,,,,,Creators API or SiteStripe,,
AF-R10,Best Air Fryers for Seniors,best-air-fryer-for-seniors,Roundup,best-value,Best value,,,,,,,Creators API or SiteStripe,,
AF-R10,Best Air Fryers for Seniors,best-air-fryer-for-seniors,Roundup,best-premium,Best premium,,,,,,,Creators API or SiteStripe,,
AF-R10,Best Air Fryers for Seniors,best-air-fryer-for-seniors,Roundup,alternative-1,Alternative 1,,,,,,,Creators API or SiteStripe,,
AF-R10,Best Air Fryers for Seniors,best-air-fryer-for-seniors,Roundup,alternative-2,Alternative 2,,,,,,,Creators API or SiteStripe,,
AF-R13,Best Stainless Steel Air Fryers,best-stainless-steel-air-fryer,Roundup,best-overall,Best overall,,,,,,,Creators API or SiteStripe,,
AF-R13,Best Stainless Steel Air Fryers,best-stainless-steel-air-fryer,Roundup,best-value,Best value,,,,,,,Creators API or SiteStripe,,
AF-R13,Best Stainless Steel Air Fryers,best-stainless-steel-air-fryer,Roundup,best-premium,Best premium,,,,,,,Creators API or SiteStripe,,
AF-R13,Best Stainless Steel Air Fryers,best-stainless-steel-air-fryer,Roundup,alternative-1,Alternative 1,,,,,,,Creators API or SiteStripe,,
AF-R13,Best Stainless Steel Air Fryers,best-stainless-steel-air-fryer,Roundup,alternative-2,Alternative 2,,,,,,,Creators API or SiteStripe,,
AF-R14,Best Quiet Air Fryers,quietest-air-fryer,Roundup,best-overall,Best overall,,,,,,,Creators API or SiteStripe,,
AF-R14,Best Quiet Air Fryers,quietest-air-fryer,Roundup,best-value,Best value,,,,,,,Creators API or SiteStripe,,
AF-R14,Best Quiet Air Fryers,quietest-air-fryer,Roundup,best-premium,Best premium,,,,,,,Creators API or SiteStripe,,
AF-R14,Best Quiet Air Fryers,quietest-air-fryer,Roundup,alternative-1,Alternative 1,,,,,,,Creators API or SiteStripe,,
AF-R14,Best Quiet Air Fryers,quietest-air-fryer,Roundup,alternative-2,Alternative 2,,,,,,,Creators API or SiteStripe,,
AF-R15,Best Easy-to-Clean Air Fryers,best-easy-to-clean-air-fryer,Roundup,best-overall,Best overall,,,,,,,Creators API or SiteStripe,,
AF-R15,Best Easy-to-Clean Air Fryers,best-easy-to-clean-air-fryer,Roundup,best-value,Best value,,,,,,,Creators API or SiteStripe,,
AF-R15,Best Easy-to-Clean Air Fryers,best-easy-to-clean-air-fryer,Roundup,best-premium,Best premium,,,,,,,Creators API or SiteStripe,,
AF-R15,Best Easy-to-Clean Air Fryers,best-easy-to-clean-air-fryer,Roundup,alternative-1,Alternative 1,,,,,,,Creators API or SiteStripe,,
AF-R15,Best Easy-to-Clean Air Fryers,best-easy-to-clean-air-fryer,Roundup,alternative-2,Alternative 2,,,,,,,Creators API or SiteStripe,,
AF-R16,Best Air Fryers for Chicken Wings,best-air-fryer-for-chicken-wings,Roundup,best-overall,Best overall,,,,,,,Creators API or SiteStripe,,
AF-R16,Best Air Fryers for Chicken Wings,best-air-fryer-for-chicken-wings,Roundup,best-value,Best value,,,,,,,Creators API or SiteStripe,,
AF-R16,Best Air Fryers for Chicken Wings,best-air-fryer-for-chicken-wings,Roundup,best-premium,Best premium,,,,,,,Creators API or SiteStripe,,
AF-R16,Best Air Fryers for Chicken Wings,best-air-fryer-for-chicken-wings,Roundup,alternative-1,Alternative 1,,,,,,,Creators API or SiteStripe,,
AF-R16,Best Air Fryers for Chicken Wings,best-air-fryer-for-chicken-wings,Roundup,alternative-2,Alternative 2,,,,,,,Creators API or SiteStripe,,
AF-R17,Best Air Fryers for French Fries,best-air-fryer-for-french-fries,Roundup,best-overall,Best overall,,,,,,,Creators API or SiteStripe,,
AF-R17,Best Air Fryers for French Fries,best-air-fryer-for-french-fries,Roundup,best-value,Best value,,,,,,,Creators API or SiteStripe,,
AF-R17,Best Air Fryers for French Fries,best-air-fryer-for-french-fries,Roundup,best-premium,Best premium,,,,,,,Creators API or SiteStripe,,
AF-R17,Best Air Fryers for French Fries,best-air-fryer-for-french-fries,Roundup,alternative-1,Alternative 1,,,,,,,Creators API or SiteStripe,,
AF-R17,Best Air Fryers for French Fries,best-air-fryer-for-french-fries,Roundup,alternative-2,Alternative 2,,,,,,,Creators API or SiteStripe,,
BL-R02,Best Blenders Under $200,best-blender-under-200,Roundup,best-overall,Best overall,,,,,,,Creators API or SiteStripe,,
BL-R02,Best Blenders Under $200,best-blender-under-200,Roundup,best-value,Best value,,,,,,,Creators API or SiteStripe,,
BL-R02,Best Blenders Under $200,best-blender-under-200,Roundup,best-premium,Best premium,,,,,,,Creators API or SiteStripe,,
BL-R02,Best Blenders Under $200,best-blender-under-200,Roundup,alternative-1,Alternative 1,,,,,,,Creators API or SiteStripe,,
BL-R02,Best Blenders Under $200,best-blender-under-200,Roundup,alternative-2,Alternative 2,,,,,,,Creators API or SiteStripe,,
BL-R07,Best Blenders for Protein Shakes,best-blender-for-protein-shakes,Roundup,best-overall,Best overall,,,,,,,Creators API or SiteStripe,,
BL-R07,Best Blenders for Protein Shakes,best-blender-for-protein-shakes,Roundup,best-value,Best value,,,,,,,Creators API or SiteStripe,,
BL-R07,Best Blenders for Protein Shakes,best-blender-for-protein-shakes,Roundup,best-premium,Best premium,,,,,,,Creators API or SiteStripe,,
BL-R07,Best Blenders for Protein Shakes,best-blender-for-protein-shakes,Roundup,alternative-1,Alternative 1,,,,,,,Creators API or SiteStripe,,
BL-R07,Best Blenders for Protein Shakes,best-blender-for-protein-shakes,Roundup,alternative-2,Alternative 2,,,,,,,Creators API or SiteStripe,,
BL-R08,Best Blenders for Nut Butter,best-blender-for-nut-butter,Roundup,best-overall,Best overall,,,,,,,Creators API or SiteStripe,,
BL-R08,Best Blenders for Nut Butter,best-blender-for-nut-butter,Roundup,best-value,Best value,,,,,,,Creators API or SiteStripe,,
BL-R08,Best Blenders for Nut Butter,best-blender-for-nut-butter,Roundup,best-premium,Best premium,,,,,,,Creators API or SiteStripe,,
BL-R08,Best Blenders for Nut Butter,best-blender-for-nut-butter,Roundup,alternative-1,Alternative 1,,,,,,,Creators API or SiteStripe,,
BL-R08,Best Blenders for Nut Butter,best-blender-for-nut-butter,Roundup,alternative-2,Alternative 2,,,,,,,Creators API or SiteStripe,,
BL-R09,Best Blenders for Hot Soup,best-blender-for-hot-soup,Roundup,best-overall,Best overall,,,,,,,Creators API or SiteStripe,,
BL-R09,Best Blenders for Hot Soup,best-blender-for-hot-soup,Roundup,best-value,Best value,,,,,,,Creators API or SiteStripe,,
BL-R09,Best Blenders for Hot Soup,best-blender-for-hot-soup,Roundup,best-premium,Best premium,,,,,,,Creators API or SiteStripe,,
BL-R09,Best Blenders for Hot Soup,best-blender-for-hot-soup,Roundup,alternative-1,Alternative 1,,,,,,,Creators API or SiteStripe,,
BL-R09,Best Blenders for Hot Soup,best-blender-for-hot-soup,Roundup,alternative-2,Alternative 2,,,,,,,Creators API or SiteStripe,,
BL-R10,Best Quiet Blenders,quietest-blender,Roundup,best-overall,Best overall,,,,,,,Creators API or SiteStripe,,
BL-R10,Best Quiet Blenders,quietest-blender,Roundup,best-value,Best value,,,,,,,Creators API or SiteStripe,,
BL-R10,Best Quiet Blenders,quietest-blender,Roundup,best-premium,Best premium,,,,,,,Creators API or SiteStripe,,
BL-R10,Best Quiet Blenders,quietest-blender,Roundup,alternative-1,Alternative 1,,,,,,,Creators API or SiteStripe,,
BL-R10,Best Quiet Blenders,quietest-blender,Roundup,alternative-2,Alternative 2,,,,,,,Creators API or SiteStripe,,
BL-R11,Best Blenders with Glass Jars,best-blender-with-glass-jar,Roundup,best-overall,Best overall,,,,,,,Creators API or SiteStripe,,
BL-R11,Best Blenders with Glass Jars,best-blender-with-glass-jar,Roundup,best-value,Best value,,,,,,,Creators API or SiteStripe,,
BL-R11,Best Blenders with Glass Jars,best-blender-with-glass-jar,Roundup,best-premium,Best premium,,,,,,,Creators API or SiteStripe,,
BL-R11,Best Blenders with Glass Jars,best-blender-with-glass-jar,Roundup,alternative-1,Alternative 1,,,,,,,Creators API or SiteStripe,,
BL-R11,Best Blenders with Glass Jars,best-blender-with-glass-jar,Roundup,alternative-2,Alternative 2,,,,,,,Creators API or SiteStripe,,
BL-R12,Best Compact Blenders for Small Kitchens,best-compact-blender,Roundup,best-overall,Best overall,,,,,,,Creators API or SiteStripe,,
BL-R12,Best Compact Blenders for Small Kitchens,best-compact-blender,Roundup,best-value,Best value,,,,,,,Creators API or SiteStripe,,
BL-R12,Best Compact Blenders for Small Kitchens,best-compact-blender,Roundup,best-premium,Best premium,,,,,,,Creators API or SiteStripe,,
BL-R12,Best Compact Blenders for Small Kitchens,best-compact-blender,Roundup,alternative-1,Alternative 1,,,,,,,Creators API or SiteStripe,,
BL-R12,Best Compact Blenders for Small Kitchens,best-compact-blender,Roundup,alternative-2,Alternative 2,,,,,,,Creators API or SiteStripe,,
EK-R01,Best Electric Kettles Under $50,best-electric-kettle-under-50,Roundup,best-overall,Best overall,,,,,,,Creators API or SiteStripe,,
EK-R01,Best Electric Kettles Under $50,best-electric-kettle-under-50,Roundup,best-value,Best value,,,,,,,Creators API or SiteStripe,,
EK-R01,Best Electric Kettles Under $50,best-electric-kettle-under-50,Roundup,best-premium,Best premium,,,,,,,Creators API or SiteStripe,,
EK-R01,Best Electric Kettles Under $50,best-electric-kettle-under-50,Roundup,alternative-1,Alternative 1,,,,,,,Creators API or SiteStripe,,
EK-R01,Best Electric Kettles Under $50,best-electric-kettle-under-50,Roundup,alternative-2,Alternative 2,,,,,,,Creators API or SiteStripe,,
EK-R02,Best Gooseneck Kettles,best-gooseneck-kettle,Roundup,best-overall,Best overall,,,,,,,Creators API or SiteStripe,,
EK-R02,Best Gooseneck Kettles,best-gooseneck-kettle,Roundup,best-value,Best value,,,,,,,Creators API or SiteStripe,,
EK-R02,Best Gooseneck Kettles,best-gooseneck-kettle,Roundup,best-premium,Best premium,,,,,,,Creators API or SiteStripe,,
EK-R02,Best Gooseneck Kettles,best-gooseneck-kettle,Roundup,alternative-1,Alternative 1,,,,,,,Creators API or SiteStripe,,
EK-R02,Best Gooseneck Kettles,best-gooseneck-kettle,Roundup,alternative-2,Alternative 2,,,,,,,Creators API or SiteStripe,,
EK-R03,Best Electric Kettles for Tea,best-electric-kettle-for-tea,Roundup,best-overall,Best overall,,,,,,,Creators API or SiteStripe,,
EK-R03,Best Electric Kettles for Tea,best-electric-kettle-for-tea,Roundup,best-value,Best value,,,,,,,Creators API or SiteStripe,,
EK-R03,Best Electric Kettles for Tea,best-electric-kettle-for-tea,Roundup,best-premium,Best premium,,,,,,,Creators API or SiteStripe,,
EK-R03,Best Electric Kettles for Tea,best-electric-kettle-for-tea,Roundup,alternative-1,Alternative 1,,,,,,,Creators API or SiteStripe,,
EK-R03,Best Electric Kettles for Tea,best-electric-kettle-for-tea,Roundup,alternative-2,Alternative 2,,,,,,,Creators API or SiteStripe,,
EK-R04,Best Electric Kettles for Pour-Over Coffee,best-electric-kettle-for-pour-over-coffee,Roundup,best-overall,Best overall,,,,,,,Creators API or SiteStripe,,
EK-R04,Best Electric Kettles for Pour-Over Coffee,best-electric-kettle-for-pour-over-coffee,Roundup,best-value,Best value,,,,,,,Creators API or SiteStripe,,
EK-R04,Best Electric Kettles for Pour-Over Coffee,best-electric-kettle-for-pour-over-coffee,Roundup,best-premium,Best premium,,,,,,,Creators API or SiteStripe,,
EK-R04,Best Electric Kettles for Pour-Over Coffee,best-electric-kettle-for-pour-over-coffee,Roundup,alternative-1,Alternative 1,,,,,,,Creators API or SiteStripe,,
EK-R04,Best Electric Kettles for Pour-Over Coffee,best-electric-kettle-for-pour-over-coffee,Roundup,alternative-2,Alternative 2,,,,,,,Creators API or SiteStripe,,
EK-R05,Best Variable Temperature Kettles,best-variable-temperature-kettle,Roundup,best-overall,Best overall,,,,,,,Creators API or SiteStripe,,
EK-R05,Best Variable Temperature Kettles,best-variable-temperature-kettle,Roundup,best-value,Best value,,,,,,,Creators API or SiteStripe,,
EK-R05,Best Variable Temperature Kettles,best-variable-temperature-kettle,Roundup,best-premium,Best premium,,,,,,,Creators API or SiteStripe,,
EK-R05,Best Variable Temperature Kettles,best-variable-temperature-kettle,Roundup,alternative-1,Alternative 1,,,,,,,Creators API or SiteStripe,,
EK-R05,Best Variable Temperature Kettles,best-variable-temperature-kettle,Roundup,alternative-2,Alternative 2,,,,,,,Creators API or SiteStripe,,
TO-R01,Best Toaster Ovens Under $100,best-toaster-oven-under-100,Roundup,best-overall,Best overall,,,,,,,Creators API or SiteStripe,,
TO-R01,Best Toaster Ovens Under $100,best-toaster-oven-under-100,Roundup,best-value,Best value,,,,,,,Creators API or SiteStripe,,
TO-R01,Best Toaster Ovens Under $100,best-toaster-oven-under-100,Roundup,best-premium,Best premium,,,,,,,Creators API or SiteStripe,,
TO-R01,Best Toaster Ovens Under $100,best-toaster-oven-under-100,Roundup,alternative-1,Alternative 1,,,,,,,Creators API or SiteStripe,,
TO-R01,Best Toaster Ovens Under $100,best-toaster-oven-under-100,Roundup,alternative-2,Alternative 2,,,,,,,Creators API or SiteStripe,,
TO-R02,Best Toaster Ovens Under $200,best-toaster-oven-under-200,Roundup,best-overall,Best overall,,,,,,,Creators API or SiteStripe,,
TO-R02,Best Toaster Ovens Under $200,best-toaster-oven-under-200,Roundup,best-value,Best value,,,,,,,Creators API or SiteStripe,,
TO-R02,Best Toaster Ovens Under $200,best-toaster-oven-under-200,Roundup,best-premium,Best premium,,,,,,,Creators API or SiteStripe,,
TO-R02,Best Toaster Ovens Under $200,best-toaster-oven-under-200,Roundup,alternative-1,Alternative 1,,,,,,,Creators API or SiteStripe,,
TO-R02,Best Toaster Ovens Under $200,best-toaster-oven-under-200,Roundup,alternative-2,Alternative 2,,,,,,,Creators API or SiteStripe,,
TO-R03,Best Small Toaster Ovens,best-small-toaster-oven,Roundup,best-overall,Best overall,,,,,,,Creators API or SiteStripe,,
TO-R03,Best Small Toaster Ovens,best-small-toaster-oven,Roundup,best-value,Best value,,,,,,,Creators API or SiteStripe,,
TO-R03,Best Small Toaster Ovens,best-small-toaster-oven,Roundup,best-premium,Best premium,,,,,,,Creators API or SiteStripe,,
TO-R03,Best Small Toaster Ovens,best-small-toaster-oven,Roundup,alternative-1,Alternative 1,,,,,,,Creators API or SiteStripe,,
TO-R03,Best Small Toaster Ovens,best-small-toaster-oven,Roundup,alternative-2,Alternative 2,,,,,,,Creators API or SiteStripe,,
TO-R04,Best Toaster Ovens for Baking,best-toaster-oven-for-baking,Roundup,best-overall,Best overall,,,,,,,Creators API or SiteStripe,,
TO-R04,Best Toaster Ovens for Baking,best-toaster-oven-for-baking,Roundup,best-value,Best value,,,,,,,Creators API or SiteStripe,,
TO-R04,Best Toaster Ovens for Baking,best-toaster-oven-for-baking,Roundup,best-premium,Best premium,,,,,,,Creators API or SiteStripe,,
TO-R04,Best Toaster Ovens for Baking,best-toaster-oven-for-baking,Roundup,alternative-1,Alternative 1,,,,,,,Creators API or SiteStripe,,
TO-R04,Best Toaster Ovens for Baking,best-toaster-oven-for-baking,Roundup,alternative-2,Alternative 2,,,,,,,Creators API or SiteStripe,,
TO-R06,Best Air Fryer Toaster Ovens,best-air-fryer-toaster-oven,Roundup,best-overall,Best overall,,,,,,,Creators API or SiteStripe,,
TO-R06,Best Air Fryer Toaster Ovens,best-air-fryer-toaster-oven,Roundup,best-value,Best value,,,,,,,Creators API or SiteStripe,,
TO-R06,Best Air Fryer Toaster Ovens,best-air-fryer-toaster-oven,Roundup,best-premium,Best premium,,,,,,,Creators API or SiteStripe,,
TO-R06,Best Air Fryer Toaster Ovens,best-air-fryer-toaster-oven,Roundup,alternative-1,Alternative 1,,,,,,,Creators API or SiteStripe,,
TO-R06,Best Air Fryer Toaster Ovens,best-air-fryer-toaster-oven,Roundup,alternative-2,Alternative 2,,,,,,,Creators API or SiteStripe,,
AF-C02,Instant Vortex vs Ninja Air Fryer,instant-vortex-vs-ninja-air-fryer,Comparison,option-a,Comparison option A,Instant Vortex,,,,,Instant Vortex,Creators API or SiteStripe,,
AF-C02,Instant Vortex vs Ninja Air Fryer,instant-vortex-vs-ninja-air-fryer,Comparison,option-b,Comparison option B,Ninja Air Fryer,,,,,Ninja Air Fryer,Creators API or SiteStripe,,
AF-C04,Single Basket vs Dual Basket Air Fryer,single-vs-dual-basket-air-fryer,Comparison,option-a,Comparison option A,Single Basket,,,,,Single Basket,Creators API or SiteStripe,,
AF-C04,Single Basket vs Dual Basket Air Fryer,single-vs-dual-basket-air-fryer,Comparison,option-b,Comparison option B,Dual Basket Air Fryer,,,,,Dual Basket Air Fryer,Creators API or SiteStripe,,
AF-C05,4-Quart vs 6-Quart Air Fryer,4-qt-vs-6-qt-air-fryer,Comparison,option-a,Comparison option A,4-Quart,,,,,4-Quart,Creators API or SiteStripe,,
AF-C05,4-Quart vs 6-Quart Air Fryer,4-qt-vs-6-qt-air-fryer,Comparison,option-b,Comparison option B,6-Quart Air Fryer,,,,,6-Quart Air Fryer,Creators API or SiteStripe,,
AF-C06,Air Fryer vs Convection Oven,air-fryer-vs-convection-oven,Comparison,option-a,Comparison option A,Air Fryer,,,,,Air Fryer,Creators API or SiteStripe,,
AF-C06,Air Fryer vs Convection Oven,air-fryer-vs-convection-oven,Comparison,option-b,Comparison option B,Convection Oven,,,,,Convection Oven,Creators API or SiteStripe,,
AF-C07,Air Fryer vs Toaster Oven,air-fryer-vs-toaster-oven,Comparison,option-a,Comparison option A,Air Fryer,,,,,Air Fryer,Creators API or SiteStripe,,
AF-C07,Air Fryer vs Toaster Oven,air-fryer-vs-toaster-oven,Comparison,option-b,Comparison option B,Toaster Oven,,,,,Toaster Oven,Creators API or SiteStripe,,
BL-C03,Personal Blender vs Full-Size Blender,personal-blender-vs-full-size-blender,Comparison,option-a,Comparison option A,Personal Blender,,,,,Personal Blender,Creators API or SiteStripe,,
BL-C03,Personal Blender vs Full-Size Blender,personal-blender-vs-full-size-blender,Comparison,option-b,Comparison option B,Full-Size Blender,,,,,Full-Size Blender,Creators API or SiteStripe,,
BL-C04,Glass vs Plastic Blender Jar,glass-vs-plastic-blender-jar,Comparison,option-a,Comparison option A,Glass,,,,,Glass,Creators API or SiteStripe,,
BL-C04,Glass vs Plastic Blender Jar,glass-vs-plastic-blender-jar,Comparison,option-b,Comparison option B,Plastic Blender Jar,,,,,Plastic Blender Jar,Creators API or SiteStripe,,
BL-C05,1000-Watt vs 1500-Watt Blender,1000-watt-vs-1500-watt-blender,Comparison,option-a,Comparison option A,1000-Watt,,,,,1000-Watt,Creators API or SiteStripe,,
BL-C05,1000-Watt vs 1500-Watt Blender,1000-watt-vs-1500-watt-blender,Comparison,option-b,Comparison option B,1500-Watt Blender,,,,,1500-Watt Blender,Creators API or SiteStripe,,
EK-C01,Gooseneck vs Regular Kettle,gooseneck-vs-regular-kettle,Comparison,option-a,Comparison option A,Gooseneck,,,,,Gooseneck,Creators API or SiteStripe,,
EK-C01,Gooseneck vs Regular Kettle,gooseneck-vs-regular-kettle,Comparison,option-b,Comparison option B,Regular Kettle,,,,,Regular Kettle,Creators API or SiteStripe,,
EK-C04,Electric Kettle vs Stovetop Kettle,electric-kettle-vs-stovetop-kettle,Comparison,option-a,Comparison option A,Electric Kettle,,,,,Electric Kettle,Creators API or SiteStripe,,
EK-C04,Electric Kettle vs Stovetop Kettle,electric-kettle-vs-stovetop-kettle,Comparison,option-b,Comparison option B,Stovetop Kettle,,,,,Stovetop Kettle,Creators API or SiteStripe,,
FP-C03,Food Processor vs Blender,food-processor-vs-blender,Comparison,option-a,Comparison option A,Food Processor,,,,,Food Processor,Creators API or SiteStripe,,
FP-C03,Food Processor vs Blender,food-processor-vs-blender,Comparison,option-b,Comparison option B,Blender,,,,,Blender,Creators API or SiteStripe,,
TO-C01,Toaster Oven vs Conventional Oven,toaster-oven-vs-conventional-oven,Comparison,option-a,Comparison option A,Toaster Oven,,,,,Toaster Oven,Creators API or SiteStripe,,
TO-C01,Toaster Oven vs Conventional Oven,toaster-oven-vs-conventional-oven,Comparison,option-b,Comparison option B,Conventional Oven,,,,,Conventional Oven,Creators API or SiteStripe,,
TO-C02,Convection Toaster Oven vs Air Fryer,convection-toaster-oven-vs-air-fryer,Comparison,option-a,Comparison option A,Convection Toaster Oven,,,,,Convection Toaster Oven,Creators API or SiteStripe,,
TO-C02,Convection Toaster Oven vs Air Fryer,convection-toaster-oven-vs-air-fryer,Comparison,option-b,Comparison option B,Air Fryer,,,,,Air Fryer,Creators API or SiteStripe,,
AF-V03,Instant Vortex Plus Air Fryer Review,instant-vortex-plus-air-fryer-review,Single Review,primary,Primary reviewed product,Instant Vortex Plus Air Fryer,,,,,Instant Vortex Plus Air Fryer,Creators API or SiteStripe,,
AF-V04,Ninja Foodi DualZone Air Fryer Review,ninja-foodi-dualzone-review,Single Review,primary,Primary reviewed product,Ninja Foodi DualZone Air Fryer,,,,,Ninja Foodi DualZone Air Fryer,Creators API or SiteStripe,,
AF-V05,Cuisinart Air Fryer Toaster Oven Review,cuisinart-air-fryer-toaster-oven-review,Single Review,primary,Primary reviewed product,Cuisinart Air Fryer Toaster Oven,,,,,Cuisinart Air Fryer Toaster Oven,Creators API or SiteStripe,,
BL-V03,Vitamix E310 Review,vitamix-e310-review,Single Review,primary,Primary reviewed product,Vitamix E310,,,,,Vitamix E310,Creators API or SiteStripe,,
BL-V04,Ninja Foodi Power Blender Review,ninja-foodi-power-blender-review,Single Review,primary,Primary reviewed product,Ninja Foodi Power Blender,,,,,Ninja Foodi Power Blender,Creators API or SiteStripe,,
EK-V01,Fellow Stagg EKG Review,fellow-stagg-ekg-review,Single Review,primary,Primary reviewed product,Fellow Stagg EKG,,,,,Fellow Stagg EKG,Creators API or SiteStripe,,
TO-V01,Breville Smart Oven Air Fryer Pro Review,breville-smart-oven-air-fryer-pro-review,Single Review,primary,Primary reviewed product,Breville Smart Oven Air Fryer Pro,,,,,Breville Smart Oven Air Fryer Pro,Creators API or SiteStripe,,
AF-R20,Best Air Fryer Accessories,best-air-fryer-accessories,Accessory Roundup,best-overall,Best overall,,,,,,,Creators API or SiteStripe,,
AF-R20,Best Air Fryer Accessories,best-air-fryer-accessories,Accessory Roundup,best-value,Best value,,,,,,,Creators API or SiteStripe,,
AF-R20,Best Air Fryer Accessories,best-air-fryer-accessories,Accessory Roundup,best-premium,Best premium,,,,,,,Creators API or SiteStripe,,
AF-R20,Best Air Fryer Accessories,best-air-fryer-accessories,Accessory Roundup,alternative-1,Alternative 1,,,,,,,Creators API or SiteStripe,,
AF-R20,Best Air Fryer Accessories,best-air-fryer-accessories,Accessory Roundup,alternative-2,Alternative 2,,,,,,,Creators API or SiteStripe,,
CC-G06,Best Heat-Resistant Counter Mats for Kitchen Appliances,best-heat-resistant-counter-mats,Accessory Roundup,best-overall,Best overall,,,,,,,Creators API or SiteStripe,,
CC-G06,Best Heat-Resistant Counter Mats for Kitchen Appliances,best-heat-resistant-counter-mats,Accessory Roundup,best-value,Best value,,,,,,,Creators API or SiteStripe,,
CC-G06,Best Heat-Resistant Counter Mats for Kitchen Appliances,best-heat-resistant-counter-mats,Accessory Roundup,best-premium,Best premium,,,,,,,Creators API or SiteStripe,,
CC-G06,Best Heat-Resistant Counter Mats for Kitchen Appliances,best-heat-resistant-counter-mats,Accessory Roundup,alternative-1,Alternative 1,,,,,,,Creators API or SiteStripe,,
CC-G06,Best Heat-Resistant Counter Mats for Kitchen Appliances,best-heat-resistant-counter-mats,Accessory Roundup,alternative-2,Alternative 2,,,,,,,Creators API or SiteStripe,,
CG-PIL,"Best Coffee Grinders for Drip, Espresso and Pour-Over",best-coffee-grinders,Commercial Pillar,best-overall,Best overall,,,,,,,Creators API or SiteStripe,,
CG-PIL,"Best Coffee Grinders for Drip, Espresso and Pour-Over",best-coffee-grinders,Commercial Pillar,best-value,Best value,,,,,,,Creators API or SiteStripe,,
CG-PIL,"Best Coffee Grinders for Drip, Espresso and Pour-Over",best-coffee-grinders,Commercial Pillar,best-premium,Best premium,,,,,,,Creators API or SiteStripe,,
CG-PIL,"Best Coffee Grinders for Drip, Espresso and Pour-Over",best-coffee-grinders,Commercial Pillar,alternative-1,Alternative 1,,,,,,,Creators API or SiteStripe,,
CG-PIL,"Best Coffee Grinders for Drip, Espresso and Pour-Over",best-coffee-grinders,Commercial Pillar,alternative-2,Alternative 2,,,,,,,Creators API or SiteStripe,,
FP-PIL,"Best Food Processors for Chopping, Slicing and Dough",best-food-processors,Commercial Pillar,best-overall,Best overall,,,,,,,Creators API or SiteStripe,,
FP-PIL,"Best Food Processors for Chopping, Slicing and Dough",best-food-processors,Commercial Pillar,best-value,Best value,,,,,,,Creators API or SiteStripe,,
FP-PIL,"Best Food Processors for Chopping, Slicing and Dough",best-food-processors,Commercial Pillar,best-premium,Best premium,,,,,,,Creators API or SiteStripe,,
FP-PIL,"Best Food Processors for Chopping, Slicing and Dough",best-food-processors,Commercial Pillar,alternative-1,Alternative 1,,,,,,,Creators API or SiteStripe,,
FP-PIL,"Best Food Processors for Chopping, Slicing and Dough",best-food-processors,Commercial Pillar,alternative-2,Alternative 2,,,,,,,Creators API or SiteStripe,,
MC-PIL,Best Mini Food Choppers for Quick Prep,best-mini-food-choppers,Commercial Pillar,best-overall,Best overall,,,,,,,Creators API or SiteStripe,,
MC-PIL,Best Mini Food Choppers for Quick Prep,best-mini-food-choppers,Commercial Pillar,best-value,Best value,,,,,,,Creators API or SiteStripe,,
MC-PIL,Best Mini Food Choppers for Quick Prep,best-mini-food-choppers,Commercial Pillar,best-premium,Best premium,,,,,,,Creators API or SiteStripe,,
MC-PIL,Best Mini Food Choppers for Quick Prep,best-mini-food-choppers,Commercial Pillar,alternative-1,Alternative 1,,,,,,,Creators API or SiteStripe,,
MC-PIL,Best Mini Food Choppers for Quick Prep,best-mini-food-choppers,Commercial Pillar,alternative-2,Alternative 2,,,,,,,Creators API or SiteStripe,,
RC-PIL,Best Rice Cookers for Small and Large Households,best-rice-cookers,Commercial Pillar,best-overall,Best overall,,,,,,,Creators API or SiteStripe,,
RC-PIL,Best Rice Cookers for Small and Large Households,best-rice-cookers,Commercial Pillar,best-value,Best value,,,,,,,Creators API or SiteStripe,,
RC-PIL,Best Rice Cookers for Small and Large Households,best-rice-cookers,Commercial Pillar,best-premium,Best premium,,,,,,,Creators API or SiteStripe,,
RC-PIL,Best Rice Cookers for Small and Large Households,best-rice-cookers,Commercial Pillar,alternative-1,Alternative 1,,,,,,,Creators API or SiteStripe,,
RC-PIL,Best Rice Cookers for Small and Large Households,best-rice-cookers,Commercial Pillar,alternative-2,Alternative 2,,,,,,,Creators API or SiteStripe,,
AF-R18,Best Air Fryers for Baking,best-air-fryer-for-baking,Roundup,best-overall,Best overall,,,,,,,Creators API or SiteStripe,,
AF-R18,Best Air Fryers for Baking,best-air-fryer-for-baking,Roundup,best-value,Best value,,,,,,,Creators API or SiteStripe,,
AF-R18,Best Air Fryers for Baking,best-air-fryer-for-baking,Roundup,best-premium,Best premium,,,,,,,Creators API or SiteStripe,,
AF-R18,Best Air Fryers for Baking,best-air-fryer-for-baking,Roundup,alternative-1,Alternative 1,,,,,,,Creators API or SiteStripe,,
AF-R18,Best Air Fryers for Baking,best-air-fryer-for-baking,Roundup,alternative-2,Alternative 2,,,,,,,Creators API or SiteStripe,,
AF-R19,Best Air Fryers with Rotisserie,best-air-fryer-with-rotisserie,Roundup,best-overall,Best overall,,,,,,,Creators API or SiteStripe,,
AF-R19,Best Air Fryers with Rotisserie,best-air-fryer-with-rotisserie,Roundup,best-value,Best value,,,,,,,Creators API or SiteStripe,,
AF-R19,Best Air Fryers with Rotisserie,best-air-fryer-with-rotisserie,Roundup,best-premium,Best premium,,,,,,,Creators API or SiteStripe,,
AF-R19,Best Air Fryers with Rotisserie,best-air-fryer-with-rotisserie,Roundup,alternative-1,Alternative 1,,,,,,,Creators API or SiteStripe,,
AF-R19,Best Air Fryers with Rotisserie,best-air-fryer-with-rotisserie,Roundup,alternative-2,Alternative 2,,,,,,,Creators API or SiteStripe,,
BL-R13,Best Easy-to-Clean Blenders,best-easy-to-clean-blender,Roundup,best-overall,Best overall,,,,,,,Creators API or SiteStripe,,
BL-R13,Best Easy-to-Clean Blenders,best-easy-to-clean-blender,Roundup,best-value,Best value,,,,,,,Creators API or SiteStripe,,
BL-R13,Best Easy-to-Clean Blenders,best-easy-to-clean-blender,Roundup,best-premium,Best premium,,,,,,,Creators API or SiteStripe,,
BL-R13,Best Easy-to-Clean Blenders,best-easy-to-clean-blender,Roundup,alternative-1,Alternative 1,,,,,,,Creators API or SiteStripe,,
BL-R13,Best Easy-to-Clean Blenders,best-easy-to-clean-blender,Roundup,alternative-2,Alternative 2,,,,,,,Creators API or SiteStripe,,
BL-R14,Best Blenders for Large Families,best-blender-for-large-family,Roundup,best-overall,Best overall,,,,,,,Creators API or SiteStripe,,
BL-R14,Best Blenders for Large Families,best-blender-for-large-family,Roundup,best-value,Best value,,,,,,,Creators API or SiteStripe,,
BL-R14,Best Blenders for Large Families,best-blender-for-large-family,Roundup,best-premium,Best premium,,,,,,,Creators API or SiteStripe,,
BL-R14,Best Blenders for Large Families,best-blender-for-large-family,Roundup,alternative-1,Alternative 1,,,,,,,Creators API or SiteStripe,,
BL-R14,Best Blenders for Large Families,best-blender-for-large-family,Roundup,alternative-2,Alternative 2,,,,,,,Creators API or SiteStripe,,
BL-R15,Best Portable Blenders,best-portable-blender,Roundup,best-overall,Best overall,,,,,,,Creators API or SiteStripe,,
BL-R15,Best Portable Blenders,best-portable-blender,Roundup,best-value,Best value,,,,,,,Creators API or SiteStripe,,
BL-R15,Best Portable Blenders,best-portable-blender,Roundup,best-premium,Best premium,,,,,,,Creators API or SiteStripe,,
BL-R15,Best Portable Blenders,best-portable-blender,Roundup,alternative-1,Alternative 1,,,,,,,Creators API or SiteStripe,,
BL-R15,Best Portable Blenders,best-portable-blender,Roundup,alternative-2,Alternative 2,,,,,,,Creators API or SiteStripe,,
CG-R01,Best Coffee Grinders Under $100,best-coffee-grinder-under-100,Roundup,best-overall,Best overall,,,,,,,Creators API or SiteStripe,,
CG-R01,Best Coffee Grinders Under $100,best-coffee-grinder-under-100,Roundup,best-value,Best value,,,,,,,Creators API or SiteStripe,,
CG-R01,Best Coffee Grinders Under $100,best-coffee-grinder-under-100,Roundup,best-premium,Best premium,,,,,,,Creators API or SiteStripe,,
CG-R01,Best Coffee Grinders Under $100,best-coffee-grinder-under-100,Roundup,alternative-1,Alternative 1,,,,,,,Creators API or SiteStripe,,
CG-R01,Best Coffee Grinders Under $100,best-coffee-grinder-under-100,Roundup,alternative-2,Alternative 2,,,,,,,Creators API or SiteStripe,,
CG-R02,Best Burr Coffee Grinders,best-burr-coffee-grinder,Roundup,best-overall,Best overall,,,,,,,Creators API or SiteStripe,,
CG-R02,Best Burr Coffee Grinders,best-burr-coffee-grinder,Roundup,best-value,Best value,,,,,,,Creators API or SiteStripe,,
CG-R02,Best Burr Coffee Grinders,best-burr-coffee-grinder,Roundup,best-premium,Best premium,,,,,,,Creators API or SiteStripe,,
CG-R02,Best Burr Coffee Grinders,best-burr-coffee-grinder,Roundup,alternative-1,Alternative 1,,,,,,,Creators API or SiteStripe,,
CG-R02,Best Burr Coffee Grinders,best-burr-coffee-grinder,Roundup,alternative-2,Alternative 2,,,,,,,Creators API or SiteStripe,,
CG-R03,Best Coffee Grinders for Espresso,best-coffee-grinder-for-espresso,Roundup,best-overall,Best overall,,,,,,,Creators API or SiteStripe,,
CG-R03,Best Coffee Grinders for Espresso,best-coffee-grinder-for-espresso,Roundup,best-value,Best value,,,,,,,Creators API or SiteStripe,,
CG-R03,Best Coffee Grinders for Espresso,best-coffee-grinder-for-espresso,Roundup,best-premium,Best premium,,,,,,,Creators API or SiteStripe,,
CG-R03,Best Coffee Grinders for Espresso,best-coffee-grinder-for-espresso,Roundup,alternative-1,Alternative 1,,,,,,,Creators API or SiteStripe,,
CG-R03,Best Coffee Grinders for Espresso,best-coffee-grinder-for-espresso,Roundup,alternative-2,Alternative 2,,,,,,,Creators API or SiteStripe,,
EK-R06,Best Stainless Steel Electric Kettles,best-stainless-steel-electric-kettle,Roundup,best-overall,Best overall,,,,,,,Creators API or SiteStripe,,
EK-R06,Best Stainless Steel Electric Kettles,best-stainless-steel-electric-kettle,Roundup,best-value,Best value,,,,,,,Creators API or SiteStripe,,
EK-R06,Best Stainless Steel Electric Kettles,best-stainless-steel-electric-kettle,Roundup,best-premium,Best premium,,,,,,,Creators API or SiteStripe,,
EK-R06,Best Stainless Steel Electric Kettles,best-stainless-steel-electric-kettle,Roundup,alternative-1,Alternative 1,,,,,,,Creators API or SiteStripe,,
EK-R06,Best Stainless Steel Electric Kettles,best-stainless-steel-electric-kettle,Roundup,alternative-2,Alternative 2,,,,,,,Creators API or SiteStripe,,
EK-R07,Best Glass Electric Kettles,best-glass-electric-kettle,Roundup,best-overall,Best overall,,,,,,,Creators API or SiteStripe,,
EK-R07,Best Glass Electric Kettles,best-glass-electric-kettle,Roundup,best-value,Best value,,,,,,,Creators API or SiteStripe,,
EK-R07,Best Glass Electric Kettles,best-glass-electric-kettle,Roundup,best-premium,Best premium,,,,,,,Creators API or SiteStripe,,
EK-R07,Best Glass Electric Kettles,best-glass-electric-kettle,Roundup,alternative-1,Alternative 1,,,,,,,Creators API or SiteStripe,,
EK-R07,Best Glass Electric Kettles,best-glass-electric-kettle,Roundup,alternative-2,Alternative 2,,,,,,,Creators API or SiteStripe,,
EK-R08,Best Small Electric Kettles,best-small-electric-kettle,Roundup,best-overall,Best overall,,,,,,,Creators API or SiteStripe,,
EK-R08,Best Small Electric Kettles,best-small-electric-kettle,Roundup,best-value,Best value,,,,,,,Creators API or SiteStripe,,
EK-R08,Best Small Electric Kettles,best-small-electric-kettle,Roundup,best-premium,Best premium,,,,,,,Creators API or SiteStripe,,
EK-R08,Best Small Electric Kettles,best-small-electric-kettle,Roundup,alternative-1,Alternative 1,,,,,,,Creators API or SiteStripe,,
EK-R08,Best Small Electric Kettles,best-small-electric-kettle,Roundup,alternative-2,Alternative 2,,,,,,,Creators API or SiteStripe,,
EK-R09,Best Travel Electric Kettles,best-travel-electric-kettle,Roundup,best-overall,Best overall,,,,,,,Creators API or SiteStripe,,
EK-R09,Best Travel Electric Kettles,best-travel-electric-kettle,Roundup,best-value,Best value,,,,,,,Creators API or SiteStripe,,
EK-R09,Best Travel Electric Kettles,best-travel-electric-kettle,Roundup,best-premium,Best premium,,,,,,,Creators API or SiteStripe,,
EK-R09,Best Travel Electric Kettles,best-travel-electric-kettle,Roundup,alternative-1,Alternative 1,,,,,,,Creators API or SiteStripe,,
EK-R09,Best Travel Electric Kettles,best-travel-electric-kettle,Roundup,alternative-2,Alternative 2,,,,,,,Creators API or SiteStripe,,
EK-R10,Fastest Boiling Electric Kettles,fastest-electric-kettle,Roundup,best-overall,Best overall,,,,,,,Creators API or SiteStripe,,
EK-R10,Fastest Boiling Electric Kettles,fastest-electric-kettle,Roundup,best-value,Best value,,,,,,,Creators API or SiteStripe,,
EK-R10,Fastest Boiling Electric Kettles,fastest-electric-kettle,Roundup,best-premium,Best premium,,,,,,,Creators API or SiteStripe,,
EK-R10,Fastest Boiling Electric Kettles,fastest-electric-kettle,Roundup,alternative-1,Alternative 1,,,,,,,Creators API or SiteStripe,,
EK-R10,Fastest Boiling Electric Kettles,fastest-electric-kettle,Roundup,alternative-2,Alternative 2,,,,,,,Creators API or SiteStripe,,
FP-R01,Best Food Processors Under $100,best-food-processor-under-100,Roundup,best-overall,Best overall,,,,,,,Creators API or SiteStripe,,
FP-R01,Best Food Processors Under $100,best-food-processor-under-100,Roundup,best-value,Best value,,,,,,,Creators API or SiteStripe,,
FP-R01,Best Food Processors Under $100,best-food-processor-under-100,Roundup,best-premium,Best premium,,,,,,,Creators API or SiteStripe,,
FP-R01,Best Food Processors Under $100,best-food-processor-under-100,Roundup,alternative-1,Alternative 1,,,,,,,Creators API or SiteStripe,,
FP-R01,Best Food Processors Under $100,best-food-processor-under-100,Roundup,alternative-2,Alternative 2,,,,,,,Creators API or SiteStripe,,
FP-R02,Best Small Food Processors,best-small-food-processor,Roundup,best-overall,Best overall,,,,,,,Creators API or SiteStripe,,
FP-R02,Best Small Food Processors,best-small-food-processor,Roundup,best-value,Best value,,,,,,,Creators API or SiteStripe,,
FP-R02,Best Small Food Processors,best-small-food-processor,Roundup,best-premium,Best premium,,,,,,,Creators API or SiteStripe,,
FP-R02,Best Small Food Processors,best-small-food-processor,Roundup,alternative-1,Alternative 1,,,,,,,Creators API or SiteStripe,,
FP-R02,Best Small Food Processors,best-small-food-processor,Roundup,alternative-2,Alternative 2,,,,,,,Creators API or SiteStripe,,
FP-R03,Best Food Processors for Dough,best-food-processor-for-dough,Roundup,best-overall,Best overall,,,,,,,Creators API or SiteStripe,,
FP-R03,Best Food Processors for Dough,best-food-processor-for-dough,Roundup,best-value,Best value,,,,,,,Creators API or SiteStripe,,
FP-R03,Best Food Processors for Dough,best-food-processor-for-dough,Roundup,best-premium,Best premium,,,,,,,Creators API or SiteStripe,,
FP-R03,Best Food Processors for Dough,best-food-processor-for-dough,Roundup,alternative-1,Alternative 1,,,,,,,Creators API or SiteStripe,,
FP-R03,Best Food Processors for Dough,best-food-processor-for-dough,Roundup,alternative-2,Alternative 2,,,,,,,Creators API or SiteStripe,,
FP-R04,Best Food Processors for Slicing Vegetables,best-food-processor-for-slicing-vegetables,Roundup,best-overall,Best overall,,,,,,,Creators API or SiteStripe,,
FP-R04,Best Food Processors for Slicing Vegetables,best-food-processor-for-slicing-vegetables,Roundup,best-value,Best value,,,,,,,Creators API or SiteStripe,,
FP-R04,Best Food Processors for Slicing Vegetables,best-food-processor-for-slicing-vegetables,Roundup,best-premium,Best premium,,,,,,,Creators API or SiteStripe,,
FP-R04,Best Food Processors for Slicing Vegetables,best-food-processor-for-slicing-vegetables,Roundup,alternative-1,Alternative 1,,,,,,,Creators API or SiteStripe,,
FP-R04,Best Food Processors for Slicing Vegetables,best-food-processor-for-slicing-vegetables,Roundup,alternative-2,Alternative 2,,,,,,,Creators API or SiteStripe,,
FP-R05,Best Food Processors for Shredding Cheese,best-food-processor-for-shredding-cheese,Roundup,best-overall,Best overall,,,,,,,Creators API or SiteStripe,,
FP-R05,Best Food Processors for Shredding Cheese,best-food-processor-for-shredding-cheese,Roundup,best-value,Best value,,,,,,,Creators API or SiteStripe,,
FP-R05,Best Food Processors for Shredding Cheese,best-food-processor-for-shredding-cheese,Roundup,best-premium,Best premium,,,,,,,Creators API or SiteStripe,,
FP-R05,Best Food Processors for Shredding Cheese,best-food-processor-for-shredding-cheese,Roundup,alternative-1,Alternative 1,,,,,,,Creators API or SiteStripe,,
FP-R05,Best Food Processors for Shredding Cheese,best-food-processor-for-shredding-cheese,Roundup,alternative-2,Alternative 2,,,,,,,Creators API or SiteStripe,,
FP-R06,Best Food Processors for Nut Butter,best-food-processor-for-nut-butter,Roundup,best-overall,Best overall,,,,,,,Creators API or SiteStripe,,
FP-R06,Best Food Processors for Nut Butter,best-food-processor-for-nut-butter,Roundup,best-value,Best value,,,,,,,Creators API or SiteStripe,,
FP-R06,Best Food Processors for Nut Butter,best-food-processor-for-nut-butter,Roundup,best-premium,Best premium,,,,,,,Creators API or SiteStripe,,
FP-R06,Best Food Processors for Nut Butter,best-food-processor-for-nut-butter,Roundup,alternative-1,Alternative 1,,,,,,,Creators API or SiteStripe,,
FP-R06,Best Food Processors for Nut Butter,best-food-processor-for-nut-butter,Roundup,alternative-2,Alternative 2,,,,,,,Creators API or SiteStripe,,
MC-R01,Best Mini Food Choppers Under $50,best-mini-food-chopper-under-50,Roundup,best-overall,Best overall,,,,,,,Creators API or SiteStripe,,
MC-R01,Best Mini Food Choppers Under $50,best-mini-food-chopper-under-50,Roundup,best-value,Best value,,,,,,,Creators API or SiteStripe,,
MC-R01,Best Mini Food Choppers Under $50,best-mini-food-chopper-under-50,Roundup,best-premium,Best premium,,,,,,,Creators API or SiteStripe,,
MC-R01,Best Mini Food Choppers Under $50,best-mini-food-chopper-under-50,Roundup,alternative-1,Alternative 1,,,,,,,Creators API or SiteStripe,,
MC-R01,Best Mini Food Choppers Under $50,best-mini-food-chopper-under-50,Roundup,alternative-2,Alternative 2,,,,,,,Creators API or SiteStripe,,
MC-R02,Best Electric Mini Choppers,best-electric-mini-chopper,Roundup,best-overall,Best overall,,,,,,,Creators API or SiteStripe,,
MC-R02,Best Electric Mini Choppers,best-electric-mini-chopper,Roundup,best-value,Best value,,,,,,,Creators API or SiteStripe,,
MC-R02,Best Electric Mini Choppers,best-electric-mini-chopper,Roundup,best-premium,Best premium,,,,,,,Creators API or SiteStripe,,
MC-R02,Best Electric Mini Choppers,best-electric-mini-chopper,Roundup,alternative-1,Alternative 1,,,,,,,Creators API or SiteStripe,,
MC-R02,Best Electric Mini Choppers,best-electric-mini-chopper,Roundup,alternative-2,Alternative 2,,,,,,,Creators API or SiteStripe,,
MC-R03,Best Mini Choppers for Onions,best-mini-chopper-for-onions,Roundup,best-overall,Best overall,,,,,,,Creators API or SiteStripe,,
MC-R03,Best Mini Choppers for Onions,best-mini-chopper-for-onions,Roundup,best-value,Best value,,,,,,,Creators API or SiteStripe,,
MC-R03,Best Mini Choppers for Onions,best-mini-chopper-for-onions,Roundup,best-premium,Best premium,,,,,,,Creators API or SiteStripe,,
MC-R03,Best Mini Choppers for Onions,best-mini-chopper-for-onions,Roundup,alternative-1,Alternative 1,,,,,,,Creators API or SiteStripe,,
MC-R03,Best Mini Choppers for Onions,best-mini-chopper-for-onions,Roundup,alternative-2,Alternative 2,,,,,,,Creators API or SiteStripe,,
RC-R01,Best Rice Cookers Under $50,best-rice-cooker-under-50,Roundup,best-overall,Best overall,,,,,,,Creators API or SiteStripe,,
RC-R01,Best Rice Cookers Under $50,best-rice-cooker-under-50,Roundup,best-value,Best value,,,,,,,Creators API or SiteStripe,,
RC-R01,Best Rice Cookers Under $50,best-rice-cooker-under-50,Roundup,best-premium,Best premium,,,,,,,Creators API or SiteStripe,,
RC-R01,Best Rice Cookers Under $50,best-rice-cooker-under-50,Roundup,alternative-1,Alternative 1,,,,,,,Creators API or SiteStripe,,
RC-R01,Best Rice Cookers Under $50,best-rice-cooker-under-50,Roundup,alternative-2,Alternative 2,,,,,,,Creators API or SiteStripe,,
RC-R02,Best Small Rice Cookers,best-small-rice-cooker,Roundup,best-overall,Best overall,,,,,,,Creators API or SiteStripe,,
RC-R02,Best Small Rice Cookers,best-small-rice-cooker,Roundup,best-value,Best value,,,,,,,Creators API or SiteStripe,,
RC-R02,Best Small Rice Cookers,best-small-rice-cooker,Roundup,best-premium,Best premium,,,,,,,Creators API or SiteStripe,,
RC-R02,Best Small Rice Cookers,best-small-rice-cooker,Roundup,alternative-1,Alternative 1,,,,,,,Creators API or SiteStripe,,
RC-R02,Best Small Rice Cookers,best-small-rice-cooker,Roundup,alternative-2,Alternative 2,,,,,,,Creators API or SiteStripe,,
RC-R03,Best Rice Cookers for Brown Rice,best-rice-cooker-for-brown-rice,Roundup,best-overall,Best overall,,,,,,,Creators API or SiteStripe,,
RC-R03,Best Rice Cookers for Brown Rice,best-rice-cooker-for-brown-rice,Roundup,best-value,Best value,,,,,,,Creators API or SiteStripe,,
RC-R03,Best Rice Cookers for Brown Rice,best-rice-cooker-for-brown-rice,Roundup,best-premium,Best premium,,,,,,,Creators API or SiteStripe,,
RC-R03,Best Rice Cookers for Brown Rice,best-rice-cooker-for-brown-rice,Roundup,alternative-1,Alternative 1,,,,,,,Creators API or SiteStripe,,
RC-R03,Best Rice Cookers for Brown Rice,best-rice-cooker-for-brown-rice,Roundup,alternative-2,Alternative 2,,,,,,,Creators API or SiteStripe,,
TO-R05,Best Toaster Ovens for Pizza,best-toaster-oven-for-pizza,Roundup,best-overall,Best overall,,,,,,,Creators API or SiteStripe,,
TO-R05,Best Toaster Ovens for Pizza,best-toaster-oven-for-pizza,Roundup,best-value,Best value,,,,,,,Creators API or SiteStripe,,
TO-R05,Best Toaster Ovens for Pizza,best-toaster-oven-for-pizza,Roundup,best-premium,Best premium,,,,,,,Creators API or SiteStripe,,
TO-R05,Best Toaster Ovens for Pizza,best-toaster-oven-for-pizza,Roundup,alternative-1,Alternative 1,,,,,,,Creators API or SiteStripe,,
TO-R05,Best Toaster Ovens for Pizza,best-toaster-oven-for-pizza,Roundup,alternative-2,Alternative 2,,,,,,,Creators API or SiteStripe,,
TO-R07,Best Convection Toaster Ovens,best-convection-toaster-oven,Roundup,best-overall,Best overall,,,,,,,Creators API or SiteStripe,,
TO-R07,Best Convection Toaster Ovens,best-convection-toaster-oven,Roundup,best-value,Best value,,,,,,,Creators API or SiteStripe,,
TO-R07,Best Convection Toaster Ovens,best-convection-toaster-oven,Roundup,best-premium,Best premium,,,,,,,Creators API or SiteStripe,,
TO-R07,Best Convection Toaster Ovens,best-convection-toaster-oven,Roundup,alternative-1,Alternative 1,,,,,,,Creators API or SiteStripe,,
TO-R07,Best Convection Toaster Ovens,best-convection-toaster-oven,Roundup,alternative-2,Alternative 2,,,,,,,Creators API or SiteStripe,,
TO-R08,Best Easy-to-Clean Toaster Ovens,best-easy-to-clean-toaster-oven,Roundup,best-overall,Best overall,,,,,,,Creators API or SiteStripe,,
TO-R08,Best Easy-to-Clean Toaster Ovens,best-easy-to-clean-toaster-oven,Roundup,best-value,Best value,,,,,,,Creators API or SiteStripe,,
TO-R08,Best Easy-to-Clean Toaster Ovens,best-easy-to-clean-toaster-oven,Roundup,best-premium,Best premium,,,,,,,Creators API or SiteStripe,,
TO-R08,Best Easy-to-Clean Toaster Ovens,best-easy-to-clean-toaster-oven,Roundup,alternative-1,Alternative 1,,,,,,,Creators API or SiteStripe,,
TO-R08,Best Easy-to-Clean Toaster Ovens,best-easy-to-clean-toaster-oven,Roundup,alternative-2,Alternative 2,,,,,,,Creators API or SiteStripe,,
CG-C01,Burr Grinder vs Blade Grinder,burr-grinder-vs-blade-grinder,Comparison,option-a,Comparison option A,Burr Grinder,,,,,Burr Grinder,Creators API or SiteStripe,,
CG-C01,Burr Grinder vs Blade Grinder,burr-grinder-vs-blade-grinder,Comparison,option-b,Comparison option B,Blade Grinder,,,,,Blade Grinder,Creators API or SiteStripe,,
EK-C02,Glass vs Stainless Steel Electric Kettle,glass-vs-stainless-steel-kettle,Comparison,option-a,Comparison option A,Glass,,,,,Glass,Creators API or SiteStripe,,
EK-C02,Glass vs Stainless Steel Electric Kettle,glass-vs-stainless-steel-kettle,Comparison,option-b,Comparison option B,Stainless Steel Electric Kettle,,,,,Stainless Steel Electric Kettle,Creators API or SiteStripe,,
EK-C03,Variable Temperature vs Basic Electric Kettle,variable-temperature-vs-regular-kettle,Comparison,option-a,Comparison option A,Variable Temperature,,,,,Variable Temperature,Creators API or SiteStripe,,
EK-C03,Variable Temperature vs Basic Electric Kettle,variable-temperature-vs-regular-kettle,Comparison,option-b,Comparison option B,Basic Electric Kettle,,,,,Basic Electric Kettle,Creators API or SiteStripe,,
FP-C01,Cuisinart vs KitchenAid Food Processor,cuisinart-vs-kitchenaid-food-processor,Comparison,option-a,Comparison option A,Cuisinart,,,,,Cuisinart,Creators API or SiteStripe,,
FP-C01,Cuisinart vs KitchenAid Food Processor,cuisinart-vs-kitchenaid-food-processor,Comparison,option-b,Comparison option B,KitchenAid Food Processor,,,,,KitchenAid Food Processor,Creators API or SiteStripe,,
FP-C02,Food Processor vs Mini Chopper,food-processor-vs-mini-chopper,Comparison,option-a,Comparison option A,Food Processor,,,,,Food Processor,Creators API or SiteStripe,,
FP-C02,Food Processor vs Mini Chopper,food-processor-vs-mini-chopper,Comparison,option-b,Comparison option B,Mini Chopper,,,,,Mini Chopper,Creators API or SiteStripe,,
MC-C01,Mini Chopper vs Food Processor,mini-chopper-vs-food-processor,Comparison,option-a,Comparison option A,Mini Chopper,,,,,Mini Chopper,Creators API or SiteStripe,,
MC-C01,Mini Chopper vs Food Processor,mini-chopper-vs-food-processor,Comparison,option-b,Comparison option B,Food Processor,,,,,Food Processor,Creators API or SiteStripe,,
RC-C01,Rice Cooker vs Instant Pot,rice-cooker-vs-instant-pot,Comparison,option-a,Comparison option A,Rice Cooker,,,,,Rice Cooker,Creators API or SiteStripe,,
RC-C01,Rice Cooker vs Instant Pot,rice-cooker-vs-instant-pot,Comparison,option-b,Comparison option B,Instant Pot,,,,,Instant Pot,Creators API or SiteStripe,,
TO-C03,Toaster Oven vs Microwave,toaster-oven-vs-microwave,Comparison,option-a,Comparison option A,Toaster Oven,,,,,Toaster Oven,Creators API or SiteStripe,,
TO-C03,Toaster Oven vs Microwave,toaster-oven-vs-microwave,Comparison,option-b,Comparison option B,Microwave,,,,,Microwave,Creators API or SiteStripe,,
AF-V06,Chefman TurboFry Air Fryer Review,chefman-turbofry-review,Single Review,primary,Primary reviewed product,Chefman TurboFry Air Fryer,,,,,Chefman TurboFry Air Fryer,Creators API or SiteStripe,,
BL-V05,Beast Blender Review,beast-blender-review,Single Review,primary,Primary reviewed product,Beast Blender,,,,,Beast Blender,Creators API or SiteStripe,,
BL-V06,BlendJet Portable Blender Review,blendjet-review,Single Review,primary,Primary reviewed product,BlendJet Portable Blender,,,,,BlendJet Portable Blender,Creators API or SiteStripe,,
EK-V02,Cuisinart PerfecTemp Kettle Review,cuisinart-perfectemp-kettle-review,Single Review,primary,Primary reviewed product,Cuisinart PerfecTemp Kettle,,,,,Cuisinart PerfecTemp Kettle,Creators API or SiteStripe,,
EK-V03,Cosori Gooseneck Kettle Review,cosori-gooseneck-kettle-review,Single Review,primary,Primary reviewed product,Cosori Gooseneck Kettle,,,,,Cosori Gooseneck Kettle,Creators API or SiteStripe,,
FP-V01,Cuisinart 14-Cup Food Processor Review,cuisinart-14-cup-food-processor-review,Single Review,primary,Primary reviewed product,Cuisinart 14-Cup Food Processor,,,,,Cuisinart 14-Cup Food Processor,Creators API or SiteStripe,,
TO-V02,Cuisinart Chef's Convection Toaster Oven Review,cuisinart-chefs-convection-toaster-oven-review,Single Review,primary,Primary reviewed product,Cuisinart Chef's Convection Toaster Oven,,,,,Cuisinart Chef's Convection Toaster Oven,Creators API or SiteStripe,,
TO-V03,Ninja Foodi Digital Air Fry Oven Review,ninja-foodi-digital-air-fry-oven-review,Single Review,primary,Primary reviewed product,Ninja Foodi Digital Air Fry Oven,,,,,Ninja Foodi Digital Air Fry Oven,Creators API or SiteStripe,,
CC-G07,Best Cord Organizers for Countertop Appliances,best-appliance-cord-organizers,Accessory Roundup,best-overall,Best overall,,,,,,,Creators API or SiteStripe,,
CC-G07,Best Cord Organizers for Countertop Appliances,best-appliance-cord-organizers,Accessory Roundup,best-value,Best value,,,,,,,Creators API or SiteStripe,,
CC-G07,Best Cord Organizers for Countertop Appliances,best-appliance-cord-organizers,Accessory Roundup,best-premium,Best premium,,,,,,,Creators API or SiteStripe,,
CC-G07,Best Cord Organizers for Countertop Appliances,best-appliance-cord-organizers,Accessory Roundup,alternative-1,Alternative 1,,,,,,,Creators API or SiteStripe,,
CC-G07,Best Cord Organizers for Countertop Appliances,best-appliance-cord-organizers,Accessory Roundup,alternative-2,Alternative 2,,,,,,,Creators API or SiteStripe,,
WM-PIL,Best Waffle Makers for Belgian and Classic Waffles,best-waffle-makers,Commercial Pillar,best-overall,Best overall,,,,,,,Creators API or SiteStripe,,
WM-PIL,Best Waffle Makers for Belgian and Classic Waffles,best-waffle-makers,Commercial Pillar,best-value,Best value,,,,,,,Creators API or SiteStripe,,
WM-PIL,Best Waffle Makers for Belgian and Classic Waffles,best-waffle-makers,Commercial Pillar,best-premium,Best premium,,,,,,,Creators API or SiteStripe,,
WM-PIL,Best Waffle Makers for Belgian and Classic Waffles,best-waffle-makers,Commercial Pillar,alternative-1,Alternative 1,,,,,,,Creators API or SiteStripe,,
WM-PIL,Best Waffle Makers for Belgian and Classic Waffles,best-waffle-makers,Commercial Pillar,alternative-2,Alternative 2,,,,,,,Creators API or SiteStripe,,
CG-R04,Best Coffee Grinders for Pour-Over,best-coffee-grinder-for-pour-over,Roundup,best-overall,Best overall,,,,,,,Creators API or SiteStripe,,
CG-R04,Best Coffee Grinders for Pour-Over,best-coffee-grinder-for-pour-over,Roundup,best-value,Best value,,,,,,,Creators API or SiteStripe,,
CG-R04,Best Coffee Grinders for Pour-Over,best-coffee-grinder-for-pour-over,Roundup,best-premium,Best premium,,,,,,,Creators API or SiteStripe,,
CG-R04,Best Coffee Grinders for Pour-Over,best-coffee-grinder-for-pour-over,Roundup,alternative-1,Alternative 1,,,,,,,Creators API or SiteStripe,,
CG-R04,Best Coffee Grinders for Pour-Over,best-coffee-grinder-for-pour-over,Roundup,alternative-2,Alternative 2,,,,,,,Creators API or SiteStripe,,
CG-R05,Best Coffee Grinders for French Press,best-coffee-grinder-for-french-press,Roundup,best-overall,Best overall,,,,,,,Creators API or SiteStripe,,
CG-R05,Best Coffee Grinders for French Press,best-coffee-grinder-for-french-press,Roundup,best-value,Best value,,,,,,,Creators API or SiteStripe,,
CG-R05,Best Coffee Grinders for French Press,best-coffee-grinder-for-french-press,Roundup,best-premium,Best premium,,,,,,,Creators API or SiteStripe,,
CG-R05,Best Coffee Grinders for French Press,best-coffee-grinder-for-french-press,Roundup,alternative-1,Alternative 1,,,,,,,Creators API or SiteStripe,,
CG-R05,Best Coffee Grinders for French Press,best-coffee-grinder-for-french-press,Roundup,alternative-2,Alternative 2,,,,,,,Creators API or SiteStripe,,
CG-R06,Best Quiet Coffee Grinders,quietest-coffee-grinder,Roundup,best-overall,Best overall,,,,,,,Creators API or SiteStripe,,
CG-R06,Best Quiet Coffee Grinders,quietest-coffee-grinder,Roundup,best-value,Best value,,,,,,,Creators API or SiteStripe,,
CG-R06,Best Quiet Coffee Grinders,quietest-coffee-grinder,Roundup,best-premium,Best premium,,,,,,,Creators API or SiteStripe,,
CG-R06,Best Quiet Coffee Grinders,quietest-coffee-grinder,Roundup,alternative-1,Alternative 1,,,,,,,Creators API or SiteStripe,,
CG-R06,Best Quiet Coffee Grinders,quietest-coffee-grinder,Roundup,alternative-2,Alternative 2,,,,,,,Creators API or SiteStripe,,
CG-R07,Best Compact Coffee Grinders,best-compact-coffee-grinder,Roundup,best-overall,Best overall,,,,,,,Creators API or SiteStripe,,
CG-R07,Best Compact Coffee Grinders,best-compact-coffee-grinder,Roundup,best-value,Best value,,,,,,,Creators API or SiteStripe,,
CG-R07,Best Compact Coffee Grinders,best-compact-coffee-grinder,Roundup,best-premium,Best premium,,,,,,,Creators API or SiteStripe,,
CG-R07,Best Compact Coffee Grinders,best-compact-coffee-grinder,Roundup,alternative-1,Alternative 1,,,,,,,Creators API or SiteStripe,,
CG-R07,Best Compact Coffee Grinders,best-compact-coffee-grinder,Roundup,alternative-2,Alternative 2,,,,,,,Creators API or SiteStripe,,
FP-R07,Best Food Processors for Large Families,best-food-processor-for-large-family,Roundup,best-overall,Best overall,,,,,,,Creators API or SiteStripe,,
FP-R07,Best Food Processors for Large Families,best-food-processor-for-large-family,Roundup,best-value,Best value,,,,,,,Creators API or SiteStripe,,
FP-R07,Best Food Processors for Large Families,best-food-processor-for-large-family,Roundup,best-premium,Best premium,,,,,,,Creators API or SiteStripe,,
FP-R07,Best Food Processors for Large Families,best-food-processor-for-large-family,Roundup,alternative-1,Alternative 1,,,,,,,Creators API or SiteStripe,,
FP-R07,Best Food Processors for Large Families,best-food-processor-for-large-family,Roundup,alternative-2,Alternative 2,,,,,,,Creators API or SiteStripe,,
FP-R08,Best Easy-to-Clean Food Processors,best-easy-to-clean-food-processor,Roundup,best-overall,Best overall,,,,,,,Creators API or SiteStripe,,
FP-R08,Best Easy-to-Clean Food Processors,best-easy-to-clean-food-processor,Roundup,best-value,Best value,,,,,,,Creators API or SiteStripe,,
FP-R08,Best Easy-to-Clean Food Processors,best-easy-to-clean-food-processor,Roundup,best-premium,Best premium,,,,,,,Creators API or SiteStripe,,
FP-R08,Best Easy-to-Clean Food Processors,best-easy-to-clean-food-processor,Roundup,alternative-1,Alternative 1,,,,,,,Creators API or SiteStripe,,
FP-R08,Best Easy-to-Clean Food Processors,best-easy-to-clean-food-processor,Roundup,alternative-2,Alternative 2,,,,,,,Creators API or SiteStripe,,
MC-R04,Best Mini Choppers for Garlic,best-mini-chopper-for-garlic,Roundup,best-overall,Best overall,,,,,,,Creators API or SiteStripe,,
MC-R04,Best Mini Choppers for Garlic,best-mini-chopper-for-garlic,Roundup,best-value,Best value,,,,,,,Creators API or SiteStripe,,
MC-R04,Best Mini Choppers for Garlic,best-mini-chopper-for-garlic,Roundup,best-premium,Best premium,,,,,,,Creators API or SiteStripe,,
MC-R04,Best Mini Choppers for Garlic,best-mini-chopper-for-garlic,Roundup,alternative-1,Alternative 1,,,,,,,Creators API or SiteStripe,,
MC-R04,Best Mini Choppers for Garlic,best-mini-chopper-for-garlic,Roundup,alternative-2,Alternative 2,,,,,,,Creators API or SiteStripe,,
MC-R05,Best Cordless Mini Choppers,best-cordless-mini-chopper,Roundup,best-overall,Best overall,,,,,,,Creators API or SiteStripe,,
MC-R05,Best Cordless Mini Choppers,best-cordless-mini-chopper,Roundup,best-value,Best value,,,,,,,Creators API or SiteStripe,,
MC-R05,Best Cordless Mini Choppers,best-cordless-mini-chopper,Roundup,best-premium,Best premium,,,,,,,Creators API or SiteStripe,,
MC-R05,Best Cordless Mini Choppers,best-cordless-mini-chopper,Roundup,alternative-1,Alternative 1,,,,,,,Creators API or SiteStripe,,
MC-R05,Best Cordless Mini Choppers,best-cordless-mini-chopper,Roundup,alternative-2,Alternative 2,,,,,,,Creators API or SiteStripe,,
RC-R04,Best Rice Cookers for Sticky Rice,best-rice-cooker-for-sticky-rice,Roundup,best-overall,Best overall,,,,,,,Creators API or SiteStripe,,
RC-R04,Best Rice Cookers for Sticky Rice,best-rice-cooker-for-sticky-rice,Roundup,best-value,Best value,,,,,,,Creators API or SiteStripe,,
RC-R04,Best Rice Cookers for Sticky Rice,best-rice-cooker-for-sticky-rice,Roundup,best-premium,Best premium,,,,,,,Creators API or SiteStripe,,
RC-R04,Best Rice Cookers for Sticky Rice,best-rice-cooker-for-sticky-rice,Roundup,alternative-1,Alternative 1,,,,,,,Creators API or SiteStripe,,
RC-R04,Best Rice Cookers for Sticky Rice,best-rice-cooker-for-sticky-rice,Roundup,alternative-2,Alternative 2,,,,,,,Creators API or SiteStripe,,
RC-R05,Best Rice Cookers for Large Families,best-rice-cooker-for-large-family,Roundup,best-overall,Best overall,,,,,,,Creators API or SiteStripe,,
RC-R05,Best Rice Cookers for Large Families,best-rice-cooker-for-large-family,Roundup,best-value,Best value,,,,,,,Creators API or SiteStripe,,
RC-R05,Best Rice Cookers for Large Families,best-rice-cooker-for-large-family,Roundup,best-premium,Best premium,,,,,,,Creators API or SiteStripe,,
RC-R05,Best Rice Cookers for Large Families,best-rice-cooker-for-large-family,Roundup,alternative-1,Alternative 1,,,,,,,Creators API or SiteStripe,,
RC-R05,Best Rice Cookers for Large Families,best-rice-cooker-for-large-family,Roundup,alternative-2,Alternative 2,,,,,,,Creators API or SiteStripe,,
RC-R06,Best Japanese Rice Cookers,best-japanese-rice-cooker,Roundup,best-overall,Best overall,,,,,,,Creators API or SiteStripe,,
RC-R06,Best Japanese Rice Cookers,best-japanese-rice-cooker,Roundup,best-value,Best value,,,,,,,Creators API or SiteStripe,,
RC-R06,Best Japanese Rice Cookers,best-japanese-rice-cooker,Roundup,best-premium,Best premium,,,,,,,Creators API or SiteStripe,,
RC-R06,Best Japanese Rice Cookers,best-japanese-rice-cooker,Roundup,alternative-1,Alternative 1,,,,,,,Creators API or SiteStripe,,
RC-R06,Best Japanese Rice Cookers,best-japanese-rice-cooker,Roundup,alternative-2,Alternative 2,,,,,,,Creators API or SiteStripe,,
WM-R01,Best Waffle Makers Under $50,best-waffle-maker-under-50,Roundup,best-overall,Best overall,,,,,,,Creators API or SiteStripe,,
WM-R01,Best Waffle Makers Under $50,best-waffle-maker-under-50,Roundup,best-value,Best value,,,,,,,Creators API or SiteStripe,,
WM-R01,Best Waffle Makers Under $50,best-waffle-maker-under-50,Roundup,best-premium,Best premium,,,,,,,Creators API or SiteStripe,,
WM-R01,Best Waffle Makers Under $50,best-waffle-maker-under-50,Roundup,alternative-1,Alternative 1,,,,,,,Creators API or SiteStripe,,
WM-R01,Best Waffle Makers Under $50,best-waffle-maker-under-50,Roundup,alternative-2,Alternative 2,,,,,,,Creators API or SiteStripe,,
WM-R02,Best Belgian Waffle Makers,best-belgian-waffle-maker,Roundup,best-overall,Best overall,,,,,,,Creators API or SiteStripe,,
WM-R02,Best Belgian Waffle Makers,best-belgian-waffle-maker,Roundup,best-value,Best value,,,,,,,Creators API or SiteStripe,,
WM-R02,Best Belgian Waffle Makers,best-belgian-waffle-maker,Roundup,best-premium,Best premium,,,,,,,Creators API or SiteStripe,,
WM-R02,Best Belgian Waffle Makers,best-belgian-waffle-maker,Roundup,alternative-1,Alternative 1,,,,,,,Creators API or SiteStripe,,
WM-R02,Best Belgian Waffle Makers,best-belgian-waffle-maker,Roundup,alternative-2,Alternative 2,,,,,,,Creators API or SiteStripe,,
WM-R03,Best Mini Waffle Makers,best-mini-waffle-maker,Roundup,best-overall,Best overall,,,,,,,Creators API or SiteStripe,,
WM-R03,Best Mini Waffle Makers,best-mini-waffle-maker,Roundup,best-value,Best value,,,,,,,Creators API or SiteStripe,,
WM-R03,Best Mini Waffle Makers,best-mini-waffle-maker,Roundup,best-premium,Best premium,,,,,,,Creators API or SiteStripe,,
WM-R03,Best Mini Waffle Makers,best-mini-waffle-maker,Roundup,alternative-1,Alternative 1,,,,,,,Creators API or SiteStripe,,
WM-R03,Best Mini Waffle Makers,best-mini-waffle-maker,Roundup,alternative-2,Alternative 2,,,,,,,Creators API or SiteStripe,,
WM-R04,Best Flip Waffle Makers,best-flip-waffle-maker,Roundup,best-overall,Best overall,,,,,,,Creators API or SiteStripe,,
WM-R04,Best Flip Waffle Makers,best-flip-waffle-maker,Roundup,best-value,Best value,,,,,,,Creators API or SiteStripe,,
WM-R04,Best Flip Waffle Makers,best-flip-waffle-maker,Roundup,best-premium,Best premium,,,,,,,Creators API or SiteStripe,,
WM-R04,Best Flip Waffle Makers,best-flip-waffle-maker,Roundup,alternative-1,Alternative 1,,,,,,,Creators API or SiteStripe,,
WM-R04,Best Flip Waffle Makers,best-flip-waffle-maker,Roundup,alternative-2,Alternative 2,,,,,,,Creators API or SiteStripe,,
CG-C02,Manual vs Electric Coffee Grinder,manual-vs-electric-coffee-grinder,Comparison,option-a,Comparison option A,Manual,,,,,Manual,Creators API or SiteStripe,,
CG-C02,Manual vs Electric Coffee Grinder,manual-vs-electric-coffee-grinder,Comparison,option-b,Comparison option B,Electric Coffee Grinder,,,,,Electric Coffee Grinder,Creators API or SiteStripe,,
CG-C03,Conical vs Flat Burr Grinder,conical-vs-flat-burr-grinder,Comparison,option-a,Comparison option A,Conical,,,,,Conical,Creators API or SiteStripe,,
CG-C03,Conical vs Flat Burr Grinder,conical-vs-flat-burr-grinder,Comparison,option-b,Comparison option B,Flat Burr Grinder,,,,,Flat Burr Grinder,Creators API or SiteStripe,,
FP-C04,8-Cup vs 14-Cup Food Processor,8-cup-vs-14-cup-food-processor,Comparison,option-a,Comparison option A,8-Cup,,,,,8-Cup,Creators API or SiteStripe,,
FP-C04,8-Cup vs 14-Cup Food Processor,8-cup-vs-14-cup-food-processor,Comparison,option-b,Comparison option B,14-Cup Food Processor,,,,,14-Cup Food Processor,Creators API or SiteStripe,,
MC-C02,Manual vs Electric Food Chopper,manual-vs-electric-food-chopper,Comparison,option-a,Comparison option A,Manual,,,,,Manual,Creators API or SiteStripe,,
MC-C02,Manual vs Electric Food Chopper,manual-vs-electric-food-chopper,Comparison,option-b,Comparison option B,Electric Food Chopper,,,,,Electric Food Chopper,Creators API or SiteStripe,,
RC-C02,Micom vs Basic Rice Cooker,micom-vs-basic-rice-cooker,Comparison,option-a,Comparison option A,Micom,,,,,Micom,Creators API or SiteStripe,,
RC-C02,Micom vs Basic Rice Cooker,micom-vs-basic-rice-cooker,Comparison,option-b,Comparison option B,Basic Rice Cooker,,,,,Basic Rice Cooker,Creators API or SiteStripe,,
RC-C03,3-Cup vs 5-Cup Rice Cooker,3-cup-vs-5-cup-rice-cooker,Comparison,option-a,Comparison option A,3-Cup,,,,,3-Cup,Creators API or SiteStripe,,
RC-C03,3-Cup vs 5-Cup Rice Cooker,3-cup-vs-5-cup-rice-cooker,Comparison,option-b,Comparison option B,5-Cup Rice Cooker,,,,,5-Cup Rice Cooker,Creators API or SiteStripe,,
WM-C01,Belgian vs Classic Waffle Maker,belgian-vs-classic-waffle-maker,Comparison,option-a,Comparison option A,Belgian,,,,,Belgian,Creators API or SiteStripe,,
WM-C01,Belgian vs Classic Waffle Maker,belgian-vs-classic-waffle-maker,Comparison,option-b,Comparison option B,Classic Waffle Maker,,,,,Classic Waffle Maker,Creators API or SiteStripe,,
WM-C02,Flip vs Standard Waffle Maker,flip-vs-standard-waffle-maker,Comparison,option-a,Comparison option A,Flip,,,,,Flip,Creators API or SiteStripe,,
WM-C02,Flip vs Standard Waffle Maker,flip-vs-standard-waffle-maker,Comparison,option-b,Comparison option B,Standard Waffle Maker,,,,,Standard Waffle Maker,Creators API or SiteStripe,,
CG-V01,Baratza Encore ESP Review,baratza-encore-esp-review,Single Review,primary,Primary reviewed product,Baratza Encore ESP,,,,,Baratza Encore ESP,Creators API or SiteStripe,,
CG-V02,OXO Brew Conical Burr Grinder Review,oxo-brew-conical-burr-grinder-review,Single Review,primary,Primary reviewed product,OXO Brew Conical Burr Grinder,,,,,OXO Brew Conical Burr Grinder,Creators API or SiteStripe,,
CG-V03,Fellow Ode Gen 2 Review,fellow-ode-gen-2-review,Single Review,primary,Primary reviewed product,Fellow Ode Gen 2,,,,,Fellow Ode Gen 2,Creators API or SiteStripe,,
FP-V02,KitchenAid 9-Cup Food Processor Review,kitchenaid-9-cup-food-processor-review,Single Review,primary,Primary reviewed product,KitchenAid 9-Cup Food Processor,,,,,KitchenAid 9-Cup Food Processor,Creators API or SiteStripe,,
FP-V03,Ninja Professional Food Processor Review,ninja-professional-food-processor-review,Single Review,primary,Primary reviewed product,Ninja Professional Food Processor,,,,,Ninja Professional Food Processor,Creators API or SiteStripe,,
MC-V01,KitchenAid 3.5-Cup Food Chopper Review,kitchenaid-3-5-cup-food-chopper-review,Single Review,primary,Primary reviewed product,KitchenAid 3.5-Cup Food Chopper,,,,,KitchenAid 3.5-Cup Food Chopper,Creators API or SiteStripe,,
MC-V02,Cuisinart Mini-Prep Review,cuisinart-mini-prep-review,Single Review,primary,Primary reviewed product,Cuisinart Mini-Prep,,,,,Cuisinart Mini-Prep,Creators API or SiteStripe,,
RC-V01,Zojirushi Neuro Fuzzy Rice Cooker Review,zojirushi-neuro-fuzzy-review,Single Review,primary,Primary reviewed product,Zojirushi Neuro Fuzzy Rice Cooker,,,,,Zojirushi Neuro Fuzzy Rice Cooker,Creators API or SiteStripe,,
RC-V02,Aroma Rice Cooker Review,aroma-rice-cooker-review,Single Review,primary,Primary reviewed product,Aroma Rice Cooker,,,,,Aroma Rice Cooker,Creators API or SiteStripe,,
WM-V01,Cuisinart Double Belgian Waffle Maker Review,cuisinart-double-belgian-waffle-maker-review,Single Review,primary,Primary reviewed product,Cuisinart Double Belgian Waffle Maker,,,,,Cuisinart Double Belgian Waffle Maker,Creators API or SiteStripe,,
WM-V02,Dash Mini Waffle Maker Review,dash-mini-waffle-maker-review,Single Review,primary,Primary reviewed product,Dash Mini Waffle Maker,,,,,Dash Mini Waffle Maker,Creators API or SiteStripe,,
